ID	DOCULECT	CONCEPT	VALUE	TOKENS	NOTE	COGID
	PS	to be dark	*γṯy		(Kogan 2015: 34, note 66; Kogan 2001: 266)	49
164	Akkadian	to be troubled, blurred or dark	ešû		(CAD E 378, AHw. 259)	49
165	Arabic	to be clouded; to be confused	γṯy		(Lane 2230)	49
	PS	to lick	*lḥš		(CDG 311)	63
7923	Akkadian	to taste, to lick	lâšu		(CAD L 111, AHw. 540)	63
16184	Arabic	to lick	lḥs		(Lane 2654)	63
198	Tigrinya	tongue	mälḥas		(TED 69)	63
199	Amharic	tongue	məlas		(AED 55)	63
	PWS	to be white, bright	*ŝˁl		(Kogan 2015:36)	74
214	Arabic	a whiteness in the tail of a horse, and the forelock	šaˁal-		(Lane 1563)	74
215	Mehri	beeswax, honeycomb	ŝālēt		(ML 370)	74
216	Jibbali	honeycomb	ŝaˁẑɔ́t		(JL 244)	74
2690	Soqotri	tooth	ŝáˁal		(LS 431)	74
	PCS	(to) sign	*ˁlm		(Kogan 2015:40, note 94)	93
322	Arabic	to know	ˁlm		(Lane 2138)	93
330	Sabaic	to make acknowledgment	ˁlm		(SD 15)	93
331	Qatabanian	to sign	ˁlm		(LIQ 119)	93
332	Geez	to write, to seal, to teach, to make a sign, to mark	ˁallama		(CDG 61)	93
	PWS	to entangle, to interweave	*ŝgr		(CDG 527, Kogan 2015:43)	103
414	Arabic	to be intricate, complicated, intermixed	šǯr		(Lane 1506)	103
415	Geez	to catch in a net, ensnare, entangle	ŝagara		(CDG 527)	103
416	Jibbali	to divert; to set difficult conditions	ŝɔ́gɔ́r		(JL 248)	103
417	Soqotri	to make a net, to enclose, set a trap	ŝégor		(LS 425; Naumkin et al. 2022:277)	103
	PWS	to run away, to flee	*pr		(Kogan 2015:539)	118
16270	Syriac	to come forth, go away; flee; to overflow	prr		(LSyr. 591, SL 1252)	118
16271	Arabic	to flee	frr		(Lane 2355)	118
	PWS	cloud	*ˁanān-		(Kogan 2015:232)	123
711	Hebrew	clouds	ˁānān		(HALOT 857)	123
713	Syriac	cloud; name for mercury	ˁnānā		(LSyr. 533, SL 1118)	123
712	Arabic	clouds	ˁanān-		(Lane 2166)	123
	PCS	sand (?)	*ḥāl-		(Nöldeke 1900:159, DRS 846)	127
727	Hebrew	sand	ḥōl		(HALOT 297)	127
728	Syriac	sand	ḥālā		(LSyr. 221, SL 451)	127
729	Arabic	black fetid mud; soft earth; hot ashes	ḥāl-		(Lane 675)	127
	PCS	bread, food	*laḥm-		(Fronzaroli 1971: 615–616, 632, 640; Kogan 2011: 238; Kogan 2015: 219)	149
12272	Ugaritic	grain; bread; food	lḥm		(DUL 497)	149
11280	Hebrew	bread	läḥäm		(HALOT 526)	149
11279	Syriac	bread	laḥmā		(LSyr. 364, SL 685)	149
11281	Arabic	meat	laḥm-		(Lane 3008)	149
	PS	to break	*ṯγr		(Kogan 2015:239)	164
934	Akkadian	to be victorious, to vanquish	šaˀāru		(CAD Š₁ 2, AHw. 1118)	164
26707	Arabic	to break, to demolish; to make a gap	ṯγr		(Lane 338)	164
933	Geez	to violate, to break, to frustrate	saˁara		(Marrassini 1971:127‒130, CDG 481, Kogan 2005c:200‒201)	164
	PNWS	sea	*yamm-		(Fronzaroli 1968: 273, 288, 299; Kogan 2011: 191; Kogan 2015: 240)	170
955	Ugaritic	sea	ym		(DUL 965)	170
956	Hebrew	lake, sea	yām		(HALOT 413)	170
957	Syriac	sea, lake, swamp, marsh	yammā		(LSyr. 303, SL 575)	170
958	Arabic	tihāmat (sea)	yamm-		(LA 12 772)	170
	PS	to be massive, compact, heavy	*ˁms		(Kogan 2015: 284)	220
1246	Syriac	(etp.) to be drawn together, pressed together	ˁms		(LSyr. 530, SL 1112)	220
1247	Arabic	to be hard, strong	ˁms		(LA 6 177)	220
1248	Tigre	to become pregnant	ˁamsä		(WTS 456)	220
	PCS	to stretch (down)	*nṭw		(Kogan 2015: 298)	245
1384	Hebrew	to spread out, to bow down low, to stretch out	nṭy		(HALOT 692‒693)	245
1385	Jewish Palestinian Aramaic	to bend over	nṭy		(DJPA 348)	245
1386	Arabic	to stretch out (a rope)	nṭw		(LA 15 387)	245
	PCS	to be low(?)	*ḥṭṭ		(Kogan 2015:374, note 1076)	256
1445	Arabic	to put down, to make descend; to be low, to abate	ḥṭṭ		(Lane 592)	256
1446	Mehri	to lay down	ḥəṭ		(ML 191)	256
1447	Jibbali	to descend	ḥeṭṭ		(JL 119)	256
	PCS	to shine (?)	*špr		(Kogan 2015:387)	270
1511	Arabic	to journey; to rise (sun)	sfr		(Lane 1370)	270
	PCS	to fear	*ḏḥl		(Kogan 2015:387, DRS 330)	275
1556	Ugaritic	to fear	dḥl		(DLU 269)	275
1530	Arabic	rancor, malevolence, malice; desire for retaliation of a crime	ḏaḥl-		(Lane 956)	275
	PCS	to cover, to put in layers	*rbd		(Kogan 2015: 304)	281
1566	Phoenician	to pave	rbd		(DNWSI 1052)	281
1567	Hebrew	mosaic pavement	räbäd		(Jastrow 1455)	281
1568	Arabic	dates laid one upon another in an earthen pot	rabīd-		(Lane 1010)	281
	PS	to be high, tall	*ŝmḫ		(Kogan 2015: 307)	293
1629	Akkadian	to grow thickly, abundantly	šamāḫu		(CAD Š₁ 288, AHw. 1153)	293
1630	Arabic	to be high, lofty	šmḫ		(Lane 1595)	293
	PS	kind of wild cat	*ˀa(n)z/ḏar-		(SED II No. 9)	367
2784	Akkadian	lynx	azaru		(CAD A₂ 527, AHw. 92)	367
2786	Arabic	chat	ˀazram-		(BK 1 988, Lane 1228)	367
2785	Geez	wild cat	ˀanzar		(LGz. 34, Gr. 436)	367
	PS	(lock/tuft of) hair, curl, fleece	*ˁidḳ-		(SED I No. 12)	392
3452	Akkadian	fleece; lock of hair, wad or tuft of wool	itḳu		(CAD I 299, AHw. 404)	392
3453	Syriac	(pl. ˁedḳē; ˁetḳē) lock of hair; fringes	ˁedḳətā		(LSyr. 513, SL 1073)	392
3454	Mandaic	bunch or tuft (of hair)	ˁdḳa		(MD 342)	392
3455	Arabic	a piece of colored wool that is hung around the neck of an animal to recognize it	ˁaḏqat-, ˁiḏqat-		(BK 2 203, Lane 1988)	392
	PWS	rump, buttocks	*ˁagb-		(SED I No. 13)	393
3456	Hebrew	rump, buttocks	ˁăgābā		(Jastrow 1040)	393
3457	Arabic	sacrum bone	ˁaǯb-		(BK 2 174, Lane 1956)	393
6469	Arabic	having prominent buttocks	ˀaˁǯab-		(BK 2 174, Lane 1957)	393
3227	Soqotri	rump, buttocks	maˁgéboʰ		(Simeone-Senelle - Lonnet 1988-1989:205; CSOL I 488)	393
	PCS	sprout, flower	*parḫ-		(Fronzaroli 1968: 276, 290; Kogan 2011: 201; Kogan 2012: 233; Kogan  2015: 196)	396
3580	Hebrew	bud, blossom	päraḥ		(HALOT 966)	396
3581	Syriac	flower	parḥā		(LSyr. 594, SL 1236)	396
3582	Arabic	sprout	farḫ-		(Lane 2362)	396
	PS	straw	*tibn-		(Fronzaroli 1969b: 12, 27, 34; Kogan 2011: 201)	399
3644	Akkadian	straw	tibnu		(CAD T 380, AHw. 1354)	399
3645	Hebrew	straw	täbän		(HALOT 1685)	399
3646	Syriac	straw	tebnā		(LSyr. 814, SL 1620)	399
3647	Arabic	straw	tabn-, tibn-		(Lane 297)	399
	PS	rush	*ˀašal-		(Fronzaroli 1969a: 276, 289, 299; Kogan 2014: 235)	401
3781	Akkadian	rush	ašlu		(CAD A₂ 449, AHw. 81)	401
7969	Ebla	rush	a-sa-lu		(VE 300)	401
3782	Arabic	rush	ˀasal-		(Lane 59)	401
	PS	(a plant)	*ḥVlp(-at)-		(Fronzaroli 1969a, pp. 276, 289, 299; Kogan 2012: 236)	405
3795	Akkadian	rush	elpetu		(CAD E 108, AHw. 205)	405
3797	Arabic	alfa	ḥalaf-		(Lane 627)	405
	PS	(type of a tree)	*bay(a)n-		(Kogan 2012: 238)	407
3808	Akkadian	tamarisk	bīnu		(CAD B 239, AHw. 127)	407
3809	Ebla	tamarisk	ì-ṣú ba-ne, ba-nu		(VE 395; Krebernik 1983: 15; Zurro 1983: 265)	407
3813	Arabic	moringa	bān-		(Lane 278)	407
3814	Sabaic	moringa	bn		(SD 33)	407
	PS	(a thorny plant)	*ˀaṭad-		(Fronzaroli 1969a, pp. 278, 291, 300)	409
3818	Akkadian	boxthorn (lycium barbarum)	eṭṭettu		(CAD E 23, AHw. 266)	409
3820	Hebrew	(a thorny plant)	ˀāṭād		(HALOT 37)	409
3821	Syriac	(a thorny plant)	ˀaṭādā		(LSyr. 13, SL 30)	409
3822	Arabic	thorny plant	ˀaṭad-		(LA 3 88)	409
	PS	willow	*ḫilāp-		(Fronzaroli 1969a, pp. 278, 291, 300)	413
3823	Akkadian	willow	ḫilēpu		(CAD Ḫ 185, AHw. 345)	413
3824	Syriac	willow	ḥellāpā		(LSyr. 235, SL 459)	413
3825	Arabic	willow	ḫilāf-		(Lane 797)	413
	PWS	(a tree; probably the Euphrates poplar)	*γarab-at-		(Kogan 2011: 202; Kogan 2012: 241)	417
3832	Hebrew	poplar	ˁărābā		(HALOT 879)	417
3834	Syriac	willow; rose plant	ˁarbtā		(LSyr. 546, SL 1135)	417
3835	Arabic	poplar	γarab-		(Lane 2242)	417
3841	Soqotri	(a tree)	ˁarhieb		(LS 325)	417
	PWS	plum tree	*ḫāḫ-		(Fronzaroli 1969: 7, 25, 33)	482
4321	Akkadian	plum tree; peach tree	ḫaḫḫu		(CAD Ḫ 29, AHw. 308, CDA 101)	482
4322	Syriac	plum tree	ḥaḥḥā, ḥōḥā		(LSyr. 226, SL 441)	482
4324	Arabic	plum tree	ḫawḫ-		(Lane 820)	482
4325	Geez	plum tree	ḫoḫ		(CDG 260)	482
	PCS	vineyard	*karm-		(Kogan 2011: 190; Kogan 2012: 257)	488
4363	Ugaritic	vineyard	krm		(DUL 455)	488
4364	Hebrew	vineyard	käräm		(HALOT 498)	488
4365	Syriac	vineyard	karmā		(LSyr. 347, SL 655)	488
4366	Arabic	vineyard	karm-		(Lane 2999)	488
	PS	flint	*ṯ̣Vrr-		(Fronzaroli 1968: 271, 287, 298; Kogan 2011: 190)	520
4833	Akkadian	flint, obsidian	ṣurru		(CAD Ṣ 257, AHw. 1114)	520
4834	Hebrew	flint	ṣōr		(HALOT 1052)	520
4835	Syriac	flint	ṭarrānā		(LSyr. 286, SL 554)	520
4836	Arabic	flint	ḏ̣irr-		(Lane 1909)	520
	PWS	year	*ˁām-		(Kogan 2011: 197)	562
5183	Arabic	year	ˁām-		(Lane 2202)	562
5184	Sabaic	year	ˁwm		(SD 23)	562
5185	Qatabanian	year	ˁmm		(LIQ 117)	562
5182	Geez	year	ˁām, ˁāmat		(CDG 62)	562
	PWS	to want, to desire	*ˀby		(Kogan 2015: 276‒277)	573
1154	Hebrew	to want, be willing	ˀby		(HALOT 3)	573
1176	Arabic	to refuse	ˀby		(Lane 12)	573
1177	Minaean	to refuse	ˀby		(LM 1)	573
1178	Geez	to refuse	ˀabaya		(CDG 6)	573
	PWS	light-brown hue	*ṣhb		(Bulakh 2004: 278–279; Bulakh 2006: 211–212; Kogan 2011: 199)	577
5266	Hebrew	bright red	ṣāhōb		(HALOT 1007)	577
5267	Arabic	red tinged with black	aṣhab-		(Lane 1736)	577
5353	Jibbali	fawn, light brown	ṣahbɔ́b		(JL 237)	577
	PWS	dark-brown hue	*šḥm		(Bulakh 2004: 277–278; Kogan 2011: 199)	578
5268	Syriac	dusky, olivecolored	šḥāmā		(LSyr. 769, SL 1544)	578
5269	Arabic	black	ˀasḥam-		(Lane 1322)	578
5270	Jibbali	brown, dark	šḥamúm		(JL 261)	578
	PCS	grass	*ˁVŝb-		(Fronzaroli 1968: 274, 289, 299; Kogan 2011: 200; Kogan 2015: 183)	583
2925	Hebrew	grass, herb	ˁēŝäb		(HALOT 889)	583
2926	Syriac	grass	ˁesbā		(LSyr. 536, SL 1118)	583
2927	Arabic	herbage, fresh herbs	ˁušb-		(Lane 2050)	583
5361	Tigre	a plant with tendrils	ˁešbay		(WTS 466)	583
	PS	male of small cattle	*ˁat(t)ūd-		(SED II No. 44; Kogan 2011: 206)	605
5487	Akkadian	wild sheep	atūdu		(CAD A₂ 521, AHw. 88)	605
5486	Hebrew	male goat or sheep	ˁattūd		(HALOT 902)	605
5485	Arabic	billy goat	ˁatūd		(BK 2 162, Lane 1945)	605
	PS	female kid	*ˁVnVḳ-		(SED II No. 34; Kogan 2011: 206)	607
5490	Akkadian	female kid	unīḳu		(CAD U–W 158, AHw. 1420)	607
5491	Arabic	female kid	ˁanāq-		(BK 2 388, Lane 2176)	607
	PCS	young fallow deer	*γupr-		(SED II No. 88; Kogan 2011: 208; Kogan 2015: 188)	627
5723	Hebrew	young fallow deer	ˁōpär		(HALOT 862)	627
5724	Official Aramaic	young fallow deer	ˁpr		(DNWSI 879)	627
5725	Arabic	young fallow deer	γafr-, γufr-		(BK 2 483, Lane 2273)	627
	PS	gazelle	*γVzāl-		(SED II No. 92; Kogan 2011: 208)	628
5728	Akkadian	gazelle	ḫuzālu		(CAD Ḫ 265, AHw. 362, 1447)	628
5729	Syriac	gazelle; fawn	ˁūzaylā		(LSyr. 519, SL 1078)	628
5726	Arabic	gazelle	γazāl-		(BK 2 464, Lane 2256)	628
	PS	wild ass	*par(a)ˀ-		(SED II No. 176; Kogan 2011: 208)	631
5740	Akkadian	mule	parû		(CAD P 206, AHw. 837)	631
5742	Hebrew	wild ass	pärä(ˀ)		(HALOT 961)	631
5744	Arabic	wild ass	faraˀ-		(BK 2 560, Lane 2357)	631
5747	Sabaic	wild ass	frˀ		(Robin–Gajda 1994: 116)	631
	PS	jerboa	*yarbVˁ-		(SED II No. 251; Kogan 2011: 209)	635
5772	Akkadian	jerboa	arrabû		(CAD A₂ 302, AHw. 70)	635
5773	Ebla	jerboa	a-ra-bù-um, ar-ra-bù		(VE 873; Krebernik 1983: 33)	635
22620	Syriac	jerboa	yarbūˁā		(LSyr. 309, PS 1629)	635
5774	Arabic	jerboa	yarbūˁ-		(BK 1 811)	635
	PS	stork	*laḳlaḳ-		(SED II No. 146; Kogan 2011: 210)	645
5836	Akkadian	stork	laḳlaḳḳu		(CAD L 102, AHw. 538)	645
23170	Ebla	(a bird)	la-aḳ-la-ḳùm		(VE 0303)	645
5837	Arabic	stork	laqlaq-, laqlāq-		(BK 2 1016)	645
	PS	chameleon	*ḥVrb-		(SED II No. 101; Kogan 2011: 211)	655
5901	Akkadian	chameleon	ḫurbabillu		(CAD Ḫ 230, AHw. 35)	655
5902	Ebla	= Sum. NIN.ḪUR.BA.UM	ḫur-ba-um		(EV 0293)	655
5903	Arabic	chameleon	ḥirbāˀ-		(BK 1 403, Lane 541)	655
	PS	gecko	*ˁVṯ̣āy-		(SED II No. 46; Kogan 2011: 211)	657
5909	Akkadian	gecko	iṣṣû		(CAD I 206, AHw. 253)	657
5910	Arabic	gecko	ˁiḏ̣āyat-, ˁaḏ̣āˀat-		(BK 2 294, Lane 2088)	657
	PS	(a lizard)	*ḥVmṭ-		(SED II No. 99; Kogan 2011: 211)	659
5916	Akkadian	a snake or lizard	ḫulmiṭṭu		(CAD Ḫ 230, AHw. 354)	659
5914	Hebrew	reptile	ḥōmäṭ		(HALOT 328)	659
5915	Arabic	serpent	ḥamaṭīṭ-		(BK 1 493, LA VII 277)	659
	PS	turtle	*raḳḳ-		(SED II No. 190; Kogan 2011: 211)	662
5924	Akkadian	turtle	raḳḳu		(CAD R 172, AHw. 958)	662
5925	Syriac	turtle	raḳḳā		(LSyr. 743, SL 1490)	662
22209	Mandaic	turtle	riḳa		(MD 433)	662
5926	Arabic	turtle	raqq-		(BK 1 903, Lane 1130)	662
	PS	turtle	*šalaḥpaw/y-, *šalapḥaw/y-		(SED II No. 202; Kogan 2011: 211)	663
5928	Akkadian	turtle; a snake	šeleppû		(CAD Š₂ 271, AHw. 1210)	663
5927	Ebla	turtle	ša-la-pù-um		(VE 47)	663
5929	Arabic	turtle	sulaḥfā, sulḥafā		(BK 1 1120, Lane 1403)	663
22274	Mehri	turtle	salefḥōt		(Nakano 1986 119)	663
	PS	moth	*ˁVṯ(V)ṯ-		(SED II No. 45; Kogan 2011: 213)	676
5996	Akkadian	moth	ašāšu		(CAD A₂ 422, AHw. 79)	676
5997	Hebrew	moth	ˁāš		(HALOT 895)	676
5998	Syriac	small louse	ˁaššā		(LSyr. 551, SL 1144)	676
5999	Arabic	moth	ˁuṯṯat-		(BK 2 169, Lane 1951)	676
	Areal reconstruction	body, stomach	*gVrVb-		(SED I No. 90)	686
22254	Arabic	ventre	ǯurǯub-, ǯurǯubān-		(BK 1 274)	686
6041	Sabaic	body, person	grb		(SD 50)	686
6042	Tigre	body, trunk	gärob		(WTS 574)	686
22255	Zway	big stomach of ruminants	gäräbä		(EDG 289)	686
	PS	fat	*ŝaḥm-		(SED I No. 263; Kogan 2011: 215)	698
6108	Akkadian	fat	šēmu		(CAD Š₂ 287, AHw. 1211)	698
24616	Arabic	to be fat	šaḥuma		(Lane 1513)	698
6109	Arabic	fat	šaḥm-		(BK 1 1199, Lane 1513)	698
6110	Jibbali	temple	ŝḥmέt		(JL 250)	698
	PS	fatty, fleshy tissue	*lVpˀ-		(SED I No. 180; Kogan 2011: 216)	701
6118	Akkadian	fat, tallow	lipû		(CAD L 202, AHw. 555)	701
23276	Hebrew	glutinous substance, pus	liplūp		(Jastrow 715)	701
23277	Jewish Palestinian Aramaic	fat, butter	lybh		(DJPA 281)	701
6119	Arabic	piece of flesh peeled off from the bone	lafīˀat-		(BK 2 1009, Lane 2665)	701
	PCS	fat	*pidr-		(SED I No. 208, Kogan 2011: 216)	702
6120	Hebrew	suet from the kidney	pädär		(HALOT 914)	702
23278	Jewish Babylonian Aramaic	fat; dung, manure	pidrā		(DJBA 899, Jastrow 1137)	702
6122	Arabic	a fat, plump boy; boy that has nearly attained to puberty	fudurr-		(BK 2 555, Lane 2352)	702
13988	Arabic	a piece of fleshmeat; a lump of dates compacted together	fidrat-		(BK 2 555, Lane 2351)	702
	PWS	the lowest part of the neck	*ṯVkm-		(SED I No. 281; Kogan 2011: 216)	709
6152	Ugaritic	shoulder	ṯkm		(WUS 334)	709
6153	Hebrew	shoulder, nape of the neck, back	šəkäm		(HALOT 1494)	709
6154	Demotic Aramaic	back	tkmh		(DNWSI 1266)	709
17580	Arabic	pearl necklace; dyed wool collar that hangs as an ornament on the camel's neck	ṯuknat-		(BK 1 231)	709
	PCS	throat	*gVrān-		(SED I No. 95; Kogan 2011: 216)	713
6164	Hebrew	throat, neck	gārōn		(HALOT 202)	713
6165	Jewish Babylonian Aramaic	throat, palate	grōnā		(Jastrow 266, DJBA 299b)	713
6167	Syriac	dewlap of an ox	gnārā		(LSyr. 126, SL 250)	713
6166	Arabic	anterior part of the neck of a camel	ǯirān-		(BK 1 283, Lane 414)	713
	PS	crotch, groin	*kapl-		(Kogan/Militarev 2002: 316–317; Kogan 2011: 218)	731
6322	Akkadian	area between the thighs, groin	kappaltu		(CAD K 184, AHw. 444)	731
6323	Jewish Babylonian Aramaic	loin	kaplā		(Jastrow 660, DJBA 596a)	731
6324	Mandaic	loins, buttocks	kapla		(MD 209)	731
6325	Arabic	hinder part, posteriors, buttocks, rump	kafal-		(BK 2 916, Lane 3001)	731
	PS	crotch, groin	*ṯVn(n)-		(Kogan/Militarev 2002: 317–318; Kogan 2011: 218)	732
6326	Akkadian	lap, crotch	sūnu		(CAD S 386, AHw. 1059)	732
6327	Arabic	lower part of the belly, the pubes	ṯunnat-		(BK 1 238, Lane 365)	732
6328	Harari	groin	šān		(EDH 146)	732
	PS	clitoris, vagina	*bVnṯ̣ur-		(SED I No. 37, Kogan 2011: 219)	749
7130	Akkadian	vulva, female genitals	biṣṣūru		(CAD B 268, AHw. 131)	749
7131	Arabic	clitoris	bunḏ̣ur-, bayḏ̣ar-, baḏ̣r-, baḏ̣ar-		(BK 1 139, Lane 222)	749
	PS	vulva	*ṯapr-		(SED I No. 282; Kogan 2011: 219)	750
7132	Akkadian	thigh	šapru		(CAD Š₁ 480, AHw. 1175)	750
7133	Arabic	vulva, vagina	ṯafr-		(Lane 340)	750
25715	Mehri	behind (bottom)	mətfī́r		(SSL 2 243)	750
	PS	to tread	*kbs		(Kogan 2015: 296)	763
1363	Akkadian	to step upon; to make compact; to let time pass	kabāsu		(CAD K 5, AHw. 415)	763
1364	Arabic	to fill up with earth; II. to press, squeeze	kbs		(Lane 2588)	763
1365	Soqotri	to fill in	kébos		(LS 213; CSOL II 497)	763
	PS	to cut, split	*ksm		(Fronzaroli 1969: 13; Kogan 2015: 296)	764
1368	Akkadian	to cut (down)	kasāmu		(CAD K 240, AHw. 453)	764
1369	Hebrew	to trim	ksm		(HALOT 490)	764
1370	Arabic	to crumble in one’s hand	ksm		(LA 12 612)	764
1371	Tigrinya	to dislocate, to break, to pulverize	kʷäšäm ˀabbälä		(TED 1621)	764
	PS	to cry, to shout	*nˁr		(Kogan 2015: 298 with n. 849)	766
1392	Akkadian	to roar	naˀāru		(CAD N₁ 7, AHw. 694)	766
1394	Syriac	to bray	nˁr		(LSyr. 435, SL 928)	766
1395	Arabic	to utter a noise	nˁr		(Lane 2815)	766
1396	Amharic	to cause to resound	anarä		(AED 1018)	766
	PCS	to spring up	*nbg		(Kogan 2015: 299)	768
1407	Jewish Babylonian Aramaic	to break forth	nbg		(DJBA 725)	768
1408	Syriac	to gush out, burst forth	nbg		(LSyr. 410, SL 882)	768
1409	Mandaic	to (a)rise, spring up	nbg		(MD 287)	768
1410	Arabic	to go out (a partridge from its den)	nbǯ		(TA 6 229)	768
	PS	temple, cheek-bone	*nakap-at-		(SED I No. 199; Kogan 2011: 220)	771
7710	Akkadian	temple	nakkaptu		(CAD N₁ 184, AHw. 722)	771
7711	Arabic	area between the jaw and the neck	nakfat-, nakafat-		(BK 2 1344, Lane 3038)	771
	PS	field	*ḥaḳl-		(Fronzaroli 1969: 8‒9, 26)	781
7871	Akkadian	field	eḳlu		(CAD E 249, AHw. 231)	781
7872	Syriac	field	ḥaḳlā		(LSyr. 252, SL 485)	781
7873	Arabic	field	ḥaql-		(Lane 612)	781
	PS	to be large	*rby		(Kogan 2015: 196–197)	790
593	Akkadian	big	rabû		(CAD R 26, AHw. 936)	790
7878	Hebrew	to become numerous; to be great	rby		(HALOT 1176)	790
7879	Syriac	to become big; to increase	rby		(LSyr. 707, SL 1427)	790
7880	Arabic	to increase, augment	rbw		(Lane 1023)	790
	PS	back	*ˀVrāw­, *wVrāˀ­		(SED I No. 10)	793
3440	Akkadian	back	erûtu		(CAD E 327, AHw. 248)	793
3441	Arabic	location that is behind, beyond; the time past	warāˀ-		(BK 2 1527, Lane 2933)	793
3442	Geez	waist	ˀurāˀu		(CDG 36)	793
	PS	a kind of mushroom	*kamˀ-at-		(Kogan 2011: 202)	811
4370	Akkadian	truffle	kamˀatu		(CAD K 120, AHw. 432)	811
4371	Ebla	(a metal object probably in form of a mushroom)	kà-ma-a-tum / kam₄-ma-a-tum		(Pasquali 2005b: 129–32; Pasquali 2005a)	811
7960	Jewish Palestinian Aramaic	a kind of mushroom	kmhh		(DJPA 262)	811
7959	Arabic	a kind of mushroom	kamˀat-		(WKAS K 346)	811
	PCS	pupil of the eye	*bV(ˀ)b(Vˀ)-		(SED I No. 29; Kogan 2011: 221)	816
8019	Hebrew	eyeball	bābat hā-ˁayin		(HALOT 107)	816
13038	Jewish Palestinian Aramaic	pupil (of the eye)	bbh		(DJPA 83)	816
8020	Syriac	pupil; eye	bābtā		(LSyr. 62, SL 116)	816
8021	Arabic	pupil of the eye	buˀbuˀ-		(BK 1 78, Lane 144)	816
	PCS	piglet	*ḫVnnVṣ-		(SED II No. 110; Kogan 2011: 207)	825
8050	Ugaritic	piglet	ḫe-en-ni-ṣu		(Huehnergard 1987: 129)	825
8051	Deir Alla	young pig	ḥnyṣ		(DNSWI 388)	825
5630	Syriac	little pig	ḥannūṣā		(LSyr. 244, SL 472)	825
5631	Arabic	piglet	ḫinnawṣ-		(BK 1 640, Lane 817)	825
	PS	gum	*laṯaγ-		(SED I No. 182; Kogan 2011: 222)	826
8052	Akkadian	gum	lašḫu		(CAD L 108, AHw. 539)	826
8053	Arabic	gum	laṯaγat-		(BK 2 965)	826
	PS	etlock joint, tarsus	*kursVˁ-		(SED I No. 150, Kogan 2011: 225)	845
8993	Akkadian	fetlock, lower leg	kursinnu		(CAD K 566, AHw. 511)	845
23193	Syriac	articulus	karsūˁā		(LSyr. 348)	845
23194	Mandaic	(in k. anpia) nasal bone	kursiat		(MD 209)	845
8994	Arabic	carpal end of the ulna, carpal bone, wrist bone	kursūˁ-		(BK 2 885)	845
	PS	to shine, to be bright	*ṣḥw/*ṣ̂ḥw		(CDG 149, Appleyard 1977:39, Kogan 2015: 446)	869
9165	Akkadian	light, shining appearance of the sun, moon and stars, sultry weather, open air, open sun	ṣētu		(CAD Ṣ 150, AHw. 1095)	869
9167	Arabic	the sun	ḍiḥḥ-		(Lane 1770)	869
9166	Arabic	period of day after sunrise	ḍuḥaⁿ		(Lane 1773)	869
	PWS	cloud	*dVmm(ān)-		(Militarev 2004: 299–300, 2010: 58; Kogan 2015: 448)	874
9199	Syriac	thin cloud like ashes	dimtā d-ṭallā		(LSyr. 151, SL 296)	874
9197	Arabic	clouds in which is no water	damm-, dimām-		(Lane 910)	874
9198	Arabic	a lasting and still rain	dīmat-		(Lane 937)	874
	PWS	to gnaw, to strip away	*ˁrḳ		(Kogan 2015: 453)	879
9211	Hebrew	to gnaw away	ˁrḳ		(HALOT 888)	879
9212	Syriac	(pa.) to gnaw	ˁrḳ		(LSyr. 550, SL 1143)	879
9213	Arabic	to eat off the flesh from the bone	ˁrq		(Lane 2017)	879
	PWS	to tread, to walk slowly (?)	*kd		(Kogan 2015: 462)	915
9459	Arabic	ground trodden with the hoofs of horses; fine dust trodden with the feet	kadīd-		(Lane 2595)	915
9460	Arabic	to run slowly	kdkd		(Lane 2595)	915
9461	Mehri	to make (a camel) trot	kdū		(ML 203)	915
9462	Jibbali	(camel) to trot	kédé		(JL 126)	915
	PWS	to be proud, valiant	*mrḥ		(Kogan 2015: 462)	923
9508	Syriac	audacious; difficult	marrāḥā		(LSyr. 404, SL 831)	923
9509	Arabic	to be proud and selfconceit, to walk with an elegant, proud and selfconceit gait	mrḥ		(Lane 2705)	923
	PWS	to walk, travel	*ngd		(Kogan 2015: 463)	929
9535	Syriac	to draw, pull out; to be extended	ngd		(LSyr. 413, SL 886)	929
9536	Arabic	an elevated way	naǯd-		(Lane 2767)	929
	PS	to be mad, crazy	*ḏbb		(SED I No. 13ᵥ, DRS 326)	940
9629	Akkadian	to be in a frenzy, to act crazily	zabābu		(CAD Z 1)	940
9630	Akkadian	a type of extatic	zabbu		(CAD Z 7, AHw. 1501)	940
9631	Arabic	folie aiguë, fureur (acute madness, fury)	ḏibb-		(BK 1 762)	940
9632	Arabic	evil, mischief; annoyance, harm	ḏubāb-		(BK 1 763, Lane 951)	940
	PWS	to (be about to) vomit	*gˁṯ̣		(SED I No. 16v)	943
9642	Syriac	to vomit, spit out	gˁṭ		(LSyr. 126, SL 251)	943
9645	Mandaic	disgrace, discomfiture, anger, retribution, malediction, anathema	giuṭa		(MD 89)	943
9643	Arabic	qui fait le dégoûté, dificile à contenter dans la nourriture (one who is disguisted, difficult to satisfy in food)	ǯaˁaḏ̣		(BK 1 300)	943
9644	Amharic	to stimulate the throat in order to induce vomiting	gʷaggʷäṭä		(AED 2058)	943
	PWS	to conceive, be pregnant	*dnw/y		(SED I No. 10v; DRS 281)	946
9674	Arabic	I. to be near, approach IV. to become near to bringing birth	dnw		(BK 1 739, Lane 920)	946
9675	Chaha	to be coupled, conceive (cattle)	däna		(EDG 210)	946
9676	Ezha	to be coupled, conceive (cattle)	dänna		(EDG 210)	946
9677	Endegen	to be coupled, conceive (cattle)	dätna		(EDG 210)	946
	PWS	to light up fire	*ḳdḥ		(SED I 297 (note to No. 35v))	965
9892	Phoenician	to light	ḳdḥ		(Tomback 1978: 284)	965
9891	Hebrew	to set fire to	ḳdḥ		(HALOT 1067)	965
9893	Syriac	to bore through, perforate; to pierce	ḳdḥ		(LSyr. 645, SL 1314)	965
9894	Arabic	chercher à tirer du feu à l’aide d’un briquette (try to draw fire with a briquette)	qdḥ		(BK 2 683)	965
	PS	plumage, feathers	*nāṣiy-at-		(SED I No. 202; Kogan 2011: 226)	975
10059	Akkadian	plumage, feathers	nāṣu		(CAD N₂ 53, AHw. 758)	975
10060	Hebrew	feathers	nōṣā		(HALOT 682)	975
24498	Jewish Babylonian Aramaic	feathers, pinion	nōṣīṣəyā		(Jastrow 889)	975
10061	Arabic	forelock	nāṣiyat-		(Lane 2799)	975
	PCS	dung	*dVmn-		(SED I No. 53; Kogan 2011: 227)	992
10247	Hebrew	dung	dōmän		(HALOT 227)	992
10248	Arabic	dung, manure	dimn-, damān-		(BK 1 735, Lane 915)	992
	PS	to sleep	*wšn		(SED I No. 82ᵥ)	1001
532	Ugaritic	to sleep	yšn		(DUL 988)	1001
907	Hebrew	to sleep	yšn		(HALOT 447)	1001
12937	Arabic	être endormi d’un profond sommeil; être dans son premier somme; sommeiller (to sleep deeply; to slumber)	wsn		(BK 2 1538)	1001
	PS	mole; pustule	*ḥ/ḫalaˀ-		(SED I No. 116)	1007
10899	Akkadian	black mole (on the face and body); black spot (a disease of barley)	ḫalû		(CAD Ḫ 53, AHw. 314)	1007
10900	Arabic	pustules breaking out upon the lips after a fever	ḥalaˀ-		(BK 1 476, Lane 622)	1007
	PS	birth-mark, scar on the skin	*ḥumṣ-at-		(SED I No. 121; Kogan 2011: 230)	1008
10901	Akkadian	a mole or wart	umṣatu		(CAD U–W 135, AHw. 1418)	1008
10902	Arabic	cautère, ulcère artificiel (cautery, artificial ulcer)	ḥummaṣat-		(Dozy I 322)	1008
	PS	scabies, itch, boil	*ḫVŝp-		(SED I No. 138; Kogan 2011: 230)	1010
10909	Jewish Babylonian Aramaic	scaly skin; scab, eruption	ḥwspnytˀ		(Jastrow 489)	1010
10910	Arabic	être rongé par la gâle (to be eaten up by the scab)	ḫšf		(BK 1 576)	1010
10911	Geez	itch, a boil	ḫəŝaf		(CDG 266)	1010
10912	Jibbali	pimple	ḫšfέt		(JL 30)	1010
	PCS	women	*nVš-ūma		(Kogan 2011: 233; Kogan 2015: 195)	1030
11117	Hebrew	women	nāšīm		(HALOT 729)	1030
11118	Syriac	women	neššē		(LSyr. 450, SL 951)	1030
17366	Turoyo	Frauen (women)	niše, neše		(RW 39)	1030
11119	Arabic	women	nisūna, niswat-, nisāˀ-		(Lane 2786)	1030
	PS	alcoholic drink	*šikar-		(Fronzaroli 1971: 613, 632; Kogan 2011: 241)	1062
11441	Akkadian	an alcoholic drink, beer	šikaru		(CAD Š₂ 420, AHw. 1232)	1062
11442	Hebrew	alcoholic drink	šēkār		(HALOT 501)	1062
11443	Syriac	intoxicating drink not made from grapes	šakrā		(LSyr. 777, SL 1559)	1062
11444	Arabic	alcoholic drink	sakar-		(Lane 1391)	1062
	PS	eagle	*γVrVn-		(SED II No. 90)	1075
11567	Akkadian	eagle	urinnu		(CAD U–W 226, AHw. 1430)	1075
11568	Arabic	aigle (eagle)	γaran-		(BK 2 461)	1075
	PS	kind of insect	*mVn(Vn)-		(SED II No. 152)	1078
11600	Akkadian	caterpillar	mūnu		(CAD M₂ 207, AHw. 673)	1078
11601	Ebla	caterpillar	mu-núm		(VE 0050)	1078
11602	Syriac	weevil; fly	mnīnā		(LSyr. 394, SL 783)	1078
11603	Arabic	araignée (spider)	minanat-, manūnat-		(BK 2 1155)	1078
	PS	kind of bird	*nVšVp-		(SED II No. 165)	1080
11621	Akkadian	a bird	enšupu		(CAD E 172, AHw. 220)	1080
11620	Hebrew	ibis	yanšūp		(HALOT 417)	1080
11622	Arabic	kind of bird similar to the swallow and provided with a very long beak	nussāf-		(BK 2 1250)	1080
	PWS	back, hind part	*dVb(V)r-		(SED I No. 46)	1090
11745	Mandaic	back, tail	dibra		(MD 106)	1090
11746	Arabic	backside, posteriors, buttocks, rump, podex, anus	dubr-, dubur-		(BK 1 665, Lane 846)	1090
11747	Arabic	location, or quarter, that is behind a thing	dabr-		(BK 1 665, Lane 845)	1090
11749	Amharic	backbone	ǯəbär		(AED 1864)	1090
	PWS	chest with upper arm/wing	*ganaḥ-		(SED I No. 86)	1098
11823	Arabic	arm; wing	ǯanāḥ-		(BK 1 338, Lane 468)	1098
11824	Arabic	ribs of the breast	ǯāniḥat-		(BK 1 338)	1098
11825	Soqotri	middle of the chest	ganḥ		(Bulakh et al. 2021:285)	1098
	PS	to be giddy; have pain in the head	*dwm		(SED I No. 11ᵥ)	1103
11920	Akkadian	to be giddy, stagger	dâmu		(CAD D 80, AHw. 146)	1103
11921	Arabic	vertigo, giddiness in the head	duwām-		(BK 1 753, Lane 937)	1103
11922	Jibbali	not to sleep because of ophtalmia pains	edmím		(JL 39)	1103
	PCS	wagon	*ˁagal-at-		(Kogan 2015: 207)	1105
12511	Hebrew	wagon, cart	ˁăgālā		(HALOT 785)	1105
12512	Syriac	chariot, wagon	ˁāgaltā		(LSyr. 510, SL 1068)	1105
12513	Arabic	cart	ˁaǯalat-		(Lane 1965)	1105
12517	Mehri	wheel	ˀāgəlēt		(ML 16)	1105
	PCS	to be white, bright, yellow	*byṣ̂		(Kogan 2015: 175)	1112
5338	Arabic	white	ˀabyaḍ-		(Lane 282)	1112
5339	Geez	yellow	beṣā		(CDG 116)	1112
12080	Tigre	to be bright, brilliant	bäyyäṣä		(CDG 116)	1112
5340	Amharic	yellow	bəč̣a		(CDG 116)	1112
	PCS	earth, ground	*ˀadamat-		(Kogan 2015: 179; DRS 9)	1114
12090	Hebrew	earth, ground	ˀădāmā		(HALOT 15)	1114
12091	Syriac	earth, dust	ˀadamtā		(LSyr. 6, SL 10)	1114
12092	Arabic	the interior of earth or ground	ˀadamat-		(Lane 36)	1114
	PCS	not	*bal		(DRS 65; Kogan 2015: 184)	1125
12164	Ugaritic	not	bl		(DUL 221)	1125
12165	Phoenician	not	bl		(Krachmalkov 2000:102)	1125
12166	Hebrew	not	bal		(HALOT 131)	1125
12167	Arabic	but, however, yet	bal		(Lane 257)	1125
	PCS	vine	*gapn-		(DRS 171; Kogan 2015: 185)	1127
4337	Ugaritic	vine, vinestock, vineyard	gpn		(DUL 304)	1127
4338	Hebrew	vine	gäpän		(HALOT 200)	1127
4339	Syriac	vine	gpettā		(LSyr. 128, SL 254)	1127
4340	Arabic	grapevine, stock of vine	ǯafn-		(Lane 434)	1127
	PCS	young pigeon	*gawzal-		(Kogan 2015: 186)	1129
12191	Hebrew	turtledove	gōzāl		(HALOT 182)	1129
12194	Jewish Palestinian Aramaic	young bird	gōzālā		(DJPA 122)	1129
12192	Syriac	squab	zugallā		(LSyr. 188, SL 370)	1129
12193	Arabic	young pigeon	ǯawzal-		(TA 28 204)	1129
	PCS	to sing	*γny		(Kogan 2015: 187)	1132
12199	Hebrew	to sing	ˁny		(HALOT 854)	1132
12200	Syriac	(pa.) to intone, sing responsively	ˁny		(LSyr. 533, SL 1116)	1132
12201	Arabic	II. to sing	γny		(Lane 2302)	1132
12202	Mehri	to sing	aγōni		(ML 139)	1132
	PCS	hither	*halumma		(DRS 408; Kogan 2015: 188)	1133
12203	Hebrew	hither	hălōm		(HALOT 249)	1133
12204	Arabic	up! get up! come!	halumma		(Lane 3044)	1133
	PCS	long period of time, lifespan, eternity	*ḫVld-		(Kogan 2015: 190)	1136
12237	Hebrew	lifespan; world	ḥäläd		(HALOT 316)	1136
12238	Arabic	the abode of the state of perpetual existence	ḫuld-		(Lane 783)	1136
12239	Minaean	pour toujours (forever)	kḫld		(LM 43)	1136
	PCS	lion	*layṯ-		(SED II No. 147; Kogan 2015: 193)	1140
12274	Hebrew	lion	layiš		(HALOT 529)	1140
12275	Samaritan	lion	lyt		(DSA 438)	1140
12276	Arabic	lion	layṯ-		(Lane 2684)	1140
	PCS	excellence	*magd-		(Kogan 2015: 193)	1141
17059	Akkadian	firstquality fruits	migdu		(Abraham–Sokoloff 2001:24)	1141
12277	Hebrew	excellence (of gifts of nature)	mägäd		(HALOT 543)	1141
12278	Syriac	fruit	magdā		(LSyr. 373, SL 707)	1141
12279	Arabic	glory, honor, dignity, nobility	maǯd-		(Lane 2690)	1141
	PCS	cave	*maγār-at-/*maγarr-at-		(Kogan 2015: 193)	1142
12282	Hebrew	cave	məˁārā		(HALOT 615)	1142
12283	Syriac	cave	mˁartā		(LSyr. 545, SL 805)	1142
12284	Arabic	cave	maγārat-		(Lane 2307)	1142
	PS	to face	*mḫr		(Kogan 2015: 194)	1144
12290	Akkadian	to face, to approach, to accept	maḫāru		(CAD M₁ 50, AHw. 577)	1144
17060	Akkadian	past, bygone time; before, in the presence, in front of	maḫru		(CAD M₁ 50, AHw. 585)	1144
12291	Arabic	to cleave the water with its stem; to face the wind (ship)	mḫr		(Lane 2693)	1144
12292	Sabaic	to face, to run, to extend towards	mḫr		(SD 84)	1144
	PCS	snare, trapping net	*paḫḫ-		(Kogan 2015: 195)	1148
12340	Hebrew	trapping net	paḥ		(HALOT 921)	1148
12341	Syriac	trap, snare	paḥḥā		(LSyr. 562, SL 1177)	1148
12342	Arabic	trap, snare	faḫḫ-		(Lane 2348)	1148
	PCS	to smash	*rṣ̂ṣ̂		(Kogan 2015: 197)	1152
12371	Hebrew	to mistreat, oppress	rṣṣ		(HALOT 1285)	1152
12372	Syriac	to break into pieces	rˁˁ		(LSyr. 737, SL 1482)	1152
12373	Arabic	to crush	rḍḍ		(Lane 1095)	1152
	PCS	to know	*ŝˁr		(Kogan 2015: 200)	1157
12412	Hebrew	to know	ŝˁr		(HALOT 1344)	1157
12413	Arabic	to learn, to realize	šˁr		(Lane 1559)	1157
12414	Sabaic	to know	s₂ˁr		(SD 131)	1157
12415	Minaean	to know	s₂ˁr		(LM 85)	1157
	PCS	outer garment, cloak	*ŝaml-at-		(Kogan 2015: 200)	1159
12423	Hebrew	outer garment, cloak	ŝimlā		(HALOT 1337)	1159
12424	Official Aramaic	outer garment, cloak	šá-am-lat		(DNWSI 1162)	1159
12425	Arabic	a type of garment	šamlat-		(Lane 1600)	1159
12427	Mehri	woolen garment	šámləh		(ML 395)	1159
	PCS	to flee away	*ŝrd		(Kogan 2015: 201)	1161
12439	Hebrew	to run away, to escape	ŝrd		(HALOT 1355‒1356)	1161
12440	Hebrew	someone fleeing in battle	ŝārīd		(HALOT 1355‒1356)	1161
12441	Syriac	to be frightened	srd		(LSyr. 497, SL 1042)	1161
12442	Arabic	to take fright and flee, to run away at random	šrd		(Lane 1531)	1161
	PCS	to advise	*wˁṯ̣		(Kogan 2015: 203)	1166
12471	Hebrew	to advise	yˁṣ		(HALOT 421)	1166
12472	Biblical Aramaic	to advise	yˁṭ		(HALOT 1891)	1166
12473	Arabic	to advise, to admonish	wˁḏ̣		(Lane 2953)	1166
12474	Sabaic	demand, summons, call	ˁṯ̣t		(SD 155)	1166
	PCS	peg	*watid-		(Kogan 2015: 204)	1168
12485	Hebrew	wooden peg	yātēd		(HALOT 450)	1168
12486	Arabic	wooden pin, peg	watid-		(Lane 2917)	1168
17155	Tigre	peg	mətəd		(WTS 440)	1168
12487	Tigre	to fix into the ground, to erect	wätdä		(WTS 439)	1168
	PCS	to give, to grant	*mnḥ		(Kogan 2015: 215)	1191
12697	Ugaritic	to deliver	mnḥ		(DUL 562)	1191
12700	Arabic	to lend, to give, to give a gift	mnḥ		(Lane 2737)	1191
12704	Tigre	to let a cow (as a loan) in usufruct, to give a cow as a present	männəḥa		(WTS 127, Leslau 1990:176)	1191
12705	Soqotri	offrir, donner (to offer, to give)	mnḥ		(LS 246)	1191
	PCS	shoe, sandal	*naˁl-		(Kogan 2015: 215)	1192
12706	Hebrew	sandal	naˁal		(HALOT 705)	1192
12707	Syriac	sandal	naˁlā		(LSyr. 435, SL 928)	1192
12708	Arabic	sandal	naˁl-		(Lane 3035)	1192
12712	Mehri	sandals	nəˀāl		(ML 278)	1192
	PWS	(kind of) bone	*ˁVṣ̂āṣ̂-/*ˁVṣ̂īṣ̂-		(SED I No. 24)	1218
13008	Arabic	le haut du nez, à l’endroit où les sourcils se séparent (the top of the nose, where the eyebrows part)	ˁuḍāḍ-		(BK 2 277)	1218
	Areal reconstruction	phallus; genitalia	*būḥ-		(SED I No. 35)	1221
13054	Arabic	penis; vulva	būḥ-		(BK 1 177, Lane 273)	1221
13055	Sabaic	votive phallus (?)	bḥt		(SD 33)	1221
13056	Qatabanian	(phallus?) votive object	bḥt		(Ricks 24)	1221
	PS	eyebrow, eye-pit, front	*gabb(-at)-		(SED I No. 66)	1228
13139	Akkadian	brain(?)	gabbu		(CAD G 5, AHw. 272)	1228
13140	Hebrew	eyebrows	gabbōt ˁēnayim		(HALOT 170)	1228
13141	Hebrew	eyebrow; the elevation around genitals	gab		(Jastrow 203)	1228
13142	Arabic	bone that forms the eye socket	ǯubbat-		(BK 1 246, Lane 371)	1228
	PWS	pit, well	*gibb-		(Kogan 2015: 117)	1255
15500	Hebrew	pit, ditch	gēb		(HALOT 170)	1255
15501	Syriac	ditch, trench, small pit	gubbā		(LSyr. 100, SL 210)	1255
15502	Arabic	well, pit	ǯubb-		(Lane 371)	1255
15503	Geez	pit, ditch, hole, cavern	gəbb-		(CDG 176)	1255
	PWS	to choke	*γṭ		(Kogan 2005:202, 2015:78)	1262
17151	Arabic	II. to gobble (food)	γwṭ		(Lane 2309)	1262
17152	Mehri	to choke on something stuck in the throat	γəṭ		(ML 144)	1262
17153	Jibbali	to choke on something	γeṭṭ		(JL 90)	1262
3344	Soqotri	to swallow	ˁeṭ		(LS 305; CSOL I 503; ad-Daˁrhi et al. 2019:553)	1262
	PWS	to say	*ḳwl		(Kogan 2015: 119)	1278
16104	Arabic	to say	qwl		(Lane 2994)	1278
	PWS	to wipe clean, to erase	*mḥw		(Kogan 2015: 120)	1286
16216	Ugaritic	to clean, wipe, erase	mḥw		(DUL 538)	1286
16217	Hebrew	to wipe clean	mḥw		(HALOT 567)	1286
16218	Arabic	to erase, efface	mḥw		(Lane 3018)	1286
16219	Geez	uproot, pluck out, tear away	maḥawa		(CDG 337)	1286
	PWS	to be raw	*nyˀ		(Kogan 2015: 94)	1291
16256	Hebrew	raw, underdone (meat)	nāˀ/nā		(HALOT 657)	1291
16257	Arabic	to be unsufficiently cooked	nyˀ		(Lane 2869)	1291
16258	Geez	unleavened bread	nāˀt		(CDG 410, LLA 679)	1291
16259	Mehri	raw, uncooked	nēˀ		(ML 309)	1291
	PWS	to separate, to distinguish	*ply		(BDB 811; Kogan 2015: 196)	1292
16267	Hebrew	(nip.) be treated specially, be excellent	ply		(HALOT 930)	1292
16268	Arabic	separate from sucking, wean	flw		(Lane 2445)	1292
16269	Geez	to separate, divide, distinguish	falaya		(CDG 161)	1292
	PWS	to scratch off	*ḳrp		(Kogan 2015: 562)	1296
16148	Arabic	to peel off the bark of a tree	qrf		(LA 9 334)	1296
16149	Geez	to peel off	ḳarafa		(CDG 441)	1296
	PWS	to embroider	*rḳm		(Kogan 2015: 121)	1304
16311	Hebrew	to embroider	rḳm		(HALOT 1290)	1304
16312	Syriac	freckles, spots	tarḳmātā		(LSyr. 477, SL 1673)	1304
16313	Arabic	to mark, to variegate a piece of cloth; to write	rqm		(Lane 1138)	1304
16314	Geez	to embroider, make figures on parchment; write	raḳama		(CDG 473)	1304
	Areal reconstruction	to make for the first time, to begin	*bdˀ		(Kogan 2015:550)	1335
15483	Arabic	to originate, to bring into being, to create	bdˀ		(Lane 163)	1335
15484	Sabaic	first ocassion	bdˀn		(SD 26)	1335
	PS	intestines; excrement	*ˁu/irray(-at)-		(SED I No. 22, DRS 636)	1336
15559	Akkadian	Darm	erru		(AHw. 244)	1336
15558	Akkadian	intestines, gut	irrū (wirrū)		(CAD I 181)	1336
15561	Arabic	dung of solidhoofed animals and birds; human excrement	ˁurr-, ˁurrat-		(BK 2 205, Lane 1990)	1336
15562	Soqotri	disease of intestines (said of livestock)	ˁeríyeʰ		(LS 327)	1336
	Areal reconstruction	mouth; jaw; beak	*dVḳm-		(SED I No. 49, DRS 304)	1338
15578	Arabic	Schnabel, Lippe (beak, lip)	duqm-, duqam-		(Behnstedt 384, Dozy I 453)	1338
15577	Arabic	qui après avoir perdu les dents a fini par user la mâchoire inférieure (brebis, chamelle) (one who after losing their teeth ended up wearing down the lower jaw (sheep, camel)	daqimat-		(BK 1 718)	1338
15579	Tigre	jaw, cheek	dəḳəm		(WTS 525)	1338
15580	Jibbali	beak	dəḳmím		(JL 38)	1338
	PWS	blood	*zam-		(SED I No. 296)	1342
15640	Arabic	presser une plaie de manière que le pus en sorte, le sang se dessèche et forme une croûte (to squeeze a wound so that the pus comes out, the blood dries up and forms a scab)	zˀm		(BK 1 967)	1342
15641	Geez	blood	zam		(CDG 638)	1342
	PWS	to divide, to measure	*ḫlḳ		(Kogan 2015: 118)	1345
16044	Hebrew	to divide, to apportion, to give a share	ḥlḳ		(HALOT 322)	1345
16045	Syriac	to divide, distribute, apportion	ḥlḳ		(LSyr. 237, SL 460)	1345
16046	Arabic	to measure, to proportion	ḫlq		(Lane 799)	1345
16047	Geez	to count, to number	ḫʷallaḳʷa		(CDG 261)	1345
	PWS	to adhere, approach, to be near	*wly		(Kogan 2015: 120,181)	1348
1771	Arabic	to be close	wly		(LA 14 480)	1348
1784	Sabaic	protected persons, clients of a clan	wlyt		(SD 160)	1348
1785	Minaean	se mêler, s’occuper de (to be involved in)	twly		(LM 104)	1348
	PWS	to melt	*šyḥ		(Kogan 2015: 122)	1356
16382	Hebrew	to melt away	šyḥ		(HALOT 1477)	1356
16383	Syriac	to vanish, pass away	šyḥ		(LSyr. 763, SL 1551)	1356
16384	Arabic	to run upon the surface of the earth	syḥ		(Lane 1482)	1356
16385	Geez	tabescere facere (to melt away)	sayyaḥa		(LLA 392, CDG 522)	1356
	PWS	to shout	*ṣˁḳ		(Kogan 2015: 126)	1357
16386	Hebrew	to shout, call out	ṣˁḳ		(HALOT 1042)	1357
16387	Arabic	to smite with a thunder	ṣˁq		(Lane 1690)	1357
16388	Minaean	proclamer (to proclaim)	ṣˁḳ		(LM 93)	1357
16389	Jibbali	to shout, yell, cry	ṣaˁáḳ		(JL 234)	1357
	PWS	to set in order	*ŝrˁ		(Kogan 2015: 221)	1362
23617	Arabic	the like of a thing	širˁ-		(Lane 1535, TA XXI 260–261)	1362
23618	Sabaic	Ausstattung, Zierrat, Zubehör (equipment, decoration, accessories)	s₂rˁ		(Stein 2010: 731)	1362
23619	Qatabanian	just due, rights	s₂rˁ		(Ricks 172)	1362
	PWS	furrow	*tVlm-		(Kogan 2015: 123)	1366
16428	Ugaritic	furrow ?	tlm		(DUL 870)	1366
16429	Hebrew	furrow in a field	täläm		(HALOT 1740)	1366
16430	Arabic	furrow	talam-		(LA 12 76)	1366
16431	Geez	furrow	təlm		(CDG 574)	1366
	PWS	to follow	*tlw		(Kogan 2015: 221 note 663)	1367
16432	Arabic	follow, go behind	tlw		(Lane 313)	1367
10463	Tigre	to follow	talā		(WTS 304)	1367
	PWS	to be powerful, to have authority	*bwḥ		(EDA 115)	1376
16568	Arabic	IV. to give permission	bwḥ		(Lane 273)	1376
16569	Geez	to receive authority, permission	boḥa		(EDG 115)	1376
	PCS	to grant, offer a gift	ˀwš		(Kogan 2015: 318; Kogan 2006b: 243)	1384
1718	Ugaritic	present, gift	ˀušn		(DUL 118)	1384
16989	Hebrew	to grant, to reward	ˀwš		(HALOT 393, 398)	1384
1719	Arabic	to offer a present	ˀws		(LA 6 20)	1384
1720	Arabic	gift	ˀaws-		(LA 6 20)	1384
	PCS	work, toil, labor	*ˁamal-		(Kogan 2008b:101)	1391
17001	Hebrew	trouble, labour, toil; anxiety; need	ˁāmāl		(HALOT 845)	1391
17002	Jewish Babylonian Aramaic	work, income	ˁamlā		(DJBA 870)	1391
17003	Syriac	labor; fruit of labor	ˁamlā		(LSyr. 530, SL 1112)	1391
17004	Arabic	labor, work, servise; deed, action	ˁamal		(Lane 2158)	1391
	PCS	to stick, to attach	*ˁtk		(Renfroe 1992:26‒29; Kogan 2015: 318)	1392
1724	Ugaritic	to tie, to fasten, to bind	ˁtk		(DUL 191)	1392
1725	Arabic	to stick (intrans.)	ˁtk		(Lane 1948)	1392
	PCS	to see, to watch	*bṣr		(Kogan 2015: 318–319)	1395
1726	Ugaritic	to watch	bṣr		(DUL 241)	1395
1727	Arabic	to see	bṣr		(Lane 210)	1395
	PCS	to rise, to shine (sun)	*ḏrḥ		(Kogan 2015: 429)	1397
17023	Hebrew	to rise (sun)	zrḥ		(HALOT 281)	1397
17021	Arabic	milk mixed with a larger quantity of water	ḏarāḥ-		(Lane 960)	1397
17022	Arabic	intensively red	ˀaḥmaru ḏarīḥiyyun		(Lane 960)	1397
	PCS	to collect fruit	*gny		(Kogan 2015: 208)	1400
17029	Arabic	to gather, to pluck the fruit	ǯny		(Lane 472)	1400
17031	Sabaic	cultivated garden area	ˀgnw		(SD 50)	1400
17030	Sabaic	garden crop	gny		(SD 50)	1400
	PCS	to feed	*γḏw		(Renfroe 1992:60‒61; Kogan 2015: 320)	1403
1746	Ugaritic	food, provisions	mγd		(DUL 532)	1403
1747	Arabic	to feed, to nourish	γḏw/γḏy		(Lane 2236)	1403
	PCS	to sink down, to be depressed	*γwr		(Kogan 2015: 193)	1405
12286	Ugaritic	to tumble, fall, hurry	γr		(DUL 323)	1405
12285	Arabic	to sink down, to be depressed	γwr		(Lane 2306)	1405
	PCS	to cut	*hḏw		(Kogan 2015: 319)	1406
1738	Ugaritic	to lacerate oneself	hdy		(DUL 336)	1406
1739	Arabic	to cut with a sword	hḏw		(LA 15 420)	1406
	PCS	- care, attention	*ḥipṯ̣		(Kogan 2015: 210)	1408
12588	Hebrew	joy, delight; wish; matter, business	ḥēpäṣ		(HALOT 340)	1408
12590	Syriac	zealous, ardent	ḥupṭā		(LSyr. 250, SL 429)	1408
12592	Arabic	care, attention	ḥifḏ̣-		(Lane 602)	1408
	PCS	to be kind	*lṭp		(Kogan 2015: 320; Tropper–Hayajneh 2003)	1410
1744	Ugaritic	benevolent	lṭpn		(DUL 507)	1410
1745	Arabic	to be friendly, kind, considerate, indulgent, merciful	lṭf		(Lane 3010)	1410
	PCS	to tear	*mzˁ		(Kogan 2015: 321; Renfroe 1992)	1412
1756	Ugaritic	to tear, be torn	mzˁ		(DUL 607)	1412
1757	Arabic	II. to tear	mzˁ		(LA 8 399)	1412
	PCS	to shake	*nγṣ̂		(Renfroe 1992:62‒64; Kogan 2015: 320)	1414
1749	Ugaritic	to contract, shake; to buckle	nγṣ		(DUL 625)	1414
1750	Arabic	to be in motion, convulsion; to totter	nγḍ		(Lane 2818)	1414
	PCS	inheritance	*niḥl-at-		(Kogan 2015: 216)	1415
17062	Akkadian	property handed over	niḫlatu		(CAD N₁ 126; Streck 2000:106, 108)	1415
12718	Ugaritic	property, inheritance	nḥlt		(DUL 628)	1415
12722	Arabic	grant	niḥlat-		(LA 11 775)	1415
	PCS	spirit, soul	*našam-at-		(Kogan 2015: 217)	1417
17067	Hebrew	spirit, soul	nəšāmā		(HALOT 730)	1417
17068	Syriac	soul	nšamtā		(LSyr. 451, SL 954)	1417
17069	Arabic	soul	nasamat-		(Lane 3032)	1417
	PCS	heart	*pVˀd-		(SED I No. 205; Kogan 2015: 320)	1418
1751	Ugaritic	heart	pˀid		(DUL 658)	1418
1752	Arabic	heart	fuˀād-		(Lane 2323)	1418
	PCS	to suck, to suckle	*rγṯ		(Renfroe 1992:65‒66; Kogan 2015: 321)	1422
1754	Ugaritic	suckling	mrγṯ		(DUL 574)	1422
1755	Arabic	to suck	rγṯ		(Lane 1112)	1422
	PCS	to muzzle	*ŝbm		(Kogan 2015: 321)	1432
1763	Ugaritic	to muzzle	šbm		(DUL 805)	1432
1764	Arabic	to put a piece of wood crosswise in the mouth of a kid	šbm		(Lane 1499)	1432
	PCS	mud, clay	*ṯaˀṭ-		(Renfroe 1992:67; Kogan 2015: 322)	1433
1765	Ugaritic	mud, clay	ṯˀiṭ		(DUL 892)	1433
1766	Arabic	black mud	ṯaˀṭat-		(LA 7 301)	1433
	PCS	to cut, to scratch	*wḏy		(Renfroe 1992:70‒71; Kogan 2015: 322)	1434
1767	Ugaritic	to rip, to scratch	ydy		(DUL 958)	1434
1768	Arabic	notch, incision, cut; wounds	waḏyat-		(LA 15 451)	1434
	PCS	companion	*wVlVy-		(Renfroe 1992:71‒74; Kogan 2015: 322)	1437
1769	Ugaritic	comrade, companion	yly		(DUL 963)	1437
1770	Arabic	friend	waliyy-		(Lane 3061)	1437
	PS	buttocks, hind parts, small of the back	*ŝVbVr-		(SED I No. 262)	1495
17705	Akkadian	buttocks, rectum, anus	šuburru		(CAD Š₃ 190, AHw. 1259)	1495
17706	Ugaritic	ano	šbr		(Del Olmo 1992: 240)	1495
17707	Arabic	taille (waist)	šabr-, šibr-		(BK 1 1183)	1495
6977	Tigre	hindquarter and tailpiece of a slaughtered animal	šəbər		(WTS 216)	1495
	PS	to leave	*ˁḏb		(DUL 148; HALOT 806; Kogan 2015: 309)	1501
21460	Akkadian	to abandon, to desert, to leave	ezēbu		(CAD E 416; AHw 267)	1501
17805	Ugaritic	to put, place, arrange	ˁdb		(DUL 148)	1501
21461	Hebrew	to leave, abandon; to leave behind; to let go	ˁzb		(HALOT 806)	1501
21462	Arabic	to be distant, remote, absent	ˁzb		(Lane 2033)	1501
	PS	which?	*ˀayy-		(Kogan 2009:72)	1557
18859	Akkadian	which	ayyû		(CAD A₁ 234, AHw. 25)	1557
18860	Hebrew	where?	ˀē		(HALOT 37)	1557
15977	Arabic	who, which, what	ˀayy-		(BK I 93, Lane 131)	1557
	PS	to be brilliant	*nmr		(Bulakh 2005a: 196‒198)	1575
1961	Akkadian	numinous splendour emanating from gods	namurratu		(CAD N₁ 253, AHw. 730)	1575
1960	Ugaritic	splendour	nmrt		(DUL 632, Watson 2007: 98)	1575
1962	Arabic	wholesome, sweet (water)	namir-, namīr-		(Lane 2853)	1575
	PS	to love	*rˀm		(Kogan 2015: 366)	1577
21401	Akkadian	to love	râmu		(CAD R 137)	1577
21402	Arabic	to love, to be affected, inclined to	rˀm		(Lane 997)	1577
7661	Soqotri	to be attached to someone, to be fond of him/her	róˀom		(LS 391; CSOL II 559)	1577
	PS	to support; to stand	*ˁmd		(HALOT 840)	1590
21468	Akkadian	to lean against sth, to stand by; to place	emēdu		(CAD E 138)	1590
2555	Ugaritic	support or foot of a wall	ˁmd		(DUL 164, Watson 2007: 80)	1590
21469	Hebrew	go up before, stand up; to stand; to be motionless	ˁmd		(HALOT 840)	1590
21470	Arabic	to support, to stay sth	ˁmd		(Lane 2151)	1590
	PS	to live, to escape	*blṭ		(Kogan 2015: 85)	1592
10325	Akkadian	to get well, to recover from sickness; to be alive, to stay alive	balāṭu		(CAD B 52, AHw. 99)	1592
10329	Arabic	III. to flee	blṭ		(LA 7 300)	1592
	PS	to be sharp	*ḥdd		(HALOT 291)	1598
21586	Akkadian	to be or become pointed; (D) to act quickly	edēdu		(CAD E 24; AHw 185)	1598
21584	Hebrew	to be quick; (hip.) to sharpen	ḥdd		(HALOT 291)	1598
21585	Arabic	to edge, to sharpen	ḥdd		(Lane 524)	1598
21583	Tigre	to delimit; to cut to pieces	ḥaddä		(WTS 96)	1598
	PS	to be parched, shrivelled	*ḥmdr		(Kogan 2015: 334)	1599
1899	Akkadian	shrivelled or withered	ḫamadīru		(CAD Ḫ 57, AHw. 315)	1599
1898	Ugaritic	parched field	ḥmdrt		(DUL 362, Watson 2007: 85)	1599
21587	Arabic	intensely hot	muḥtamid-		(Lane 640)	1599
1902	Soqotri	boiled buttermilk	ḥámdɛhɛr		(LS 179; CSOL II 478)	1599
	PS	to be in front, to precede	*ḳdm		(DUL 694, CDG 421, Tropper 2000:769)	1601
21600	Arabic	to precede, go before, lead	qdm		(Lane 2985)	1601
21601	Sabaic	be in charge of sth; act as vanguard; confront, do battle with	ḳdm		(SD 103)	1601
21599	Geez	go before, come before, precede, begin, have priority, be first, be ahead of, surpass	ḳadama		(CDG 421)	1601
24986	Soqotri	1. to be ahead; 2. to block the way; 3. to lie in wait, in ambush	ḳédem		(LS 367; CSOL I 585; Naumkin et al. 2015a:74; Naumkin et al. 2022:254)	1601
	PS	kind of wild cat	*ˁVrw/y-		(SED II No. 41)	1609
21668	Arabic	lion	ˁurwat-		(BK 2 238, Lane 2029)	1609
21669	Tigrinya	lioness, bitch, vixen	waˁro		(TED 1772)	1609
21670	Mehri	tomcat	ˀáyri		(JM 28)	1609
21671	Jibbali	tomcat	ˁéri		(JL 15)	1609
	PS	kind of bird	*ˁVsVb-		(SED II №42)	1610
21672	Akkadian	ein Vogel (a bird)	usābu		(AHw. 1437)	1610
21673	Arabic	a species of partrige	yaˁsūb-		(BK 2 249, Lane 2041)	1610
	PS	kid	*ˁayp-, *pa(y)ˁ-		(SED II No. 49)	1612
21687	Arabic	chevreau (kid)	faˁfaˁ-		(BK 2 614)	1612
21688	Minaean	chevreau (kid)	fyˁ		(LM 35)	1612
3217	Soqotri	goat kid (male or female)	ˁífef		(LS 319; CSOL I 487; CSOL II 404)	1612
	PS	to drive away, to expel	*ṭrd		(HALOT 379)	1614
21711	Akkadian	to send; to drive out, drive away, send away; to expel	ṭarādu		(CAD Ṭ 50; AHw)	1614
21710	Arabic	to drive away, expel, banish	ṭrd		(Lane 1838)	1614
21712	Sabaic	to chase a fugitive	ṭrd		(SD 153)	1614
	PWS	to be long	*ṭwl		(HALOT 373)	1615
21717	Hebrew	(hip.) to throw far	ṭwl		(HALOT 373)	1615
21714	Arabic	to be elongated, extended, long	ṭwl		(Lane 1895)	1615
21713	Sabaic	to extend, stretch	ṭwl		(SD 154)	1615
21716	Tigre	to lengthen; (T2) to be long	ṭawwala		(WTS 618)	1615
	PS	owl	*bVˀ(w)-, *būh-		(SED II No. 52)	1617
21723	Hebrew	nightbird, owl	bā(ˀ)wāt		(Jastrow 135)	1617
16547	Jewish Palestinian Aramaic	an unclean bird	bwt		(DJPA 88)	1617
16546	Syriac	hoopoe; owl	baˀwā, bawwā		(LSyr. 62, SL 114)	1617
16528	Arabic	owl	būh-, būm-		(LA 13 479, Lane 278)	1617
	PS	large wild beast	*hVm/wām-		(SED II No. 93)	1619
21738	Akkadian	animals	umāmu		(AHw. 1412)	1619
21739	Arabic	lion	hawwām		(BK 2 1460)	1619
21740	Tigre	leopard	həmmäm		(WTS 7)	1619
	PWS	partridge	*ḥagal-		(SED II No. 97)	1621
21742	Syriac	partridge	ḥaglā		(LSyr. 214, SL 412)	1621
8274	Arabic	partridge	ḥaǯal-		(Lane 520)	1621
21743	Tigre	guineafowl	ḥagäl		(WTS 98)	1621
	PS	kind of insect	*mVḳ(Vḳ)-		(SED II No. 150)	1623
21762	Akkadian	a louse affecting cloth, animals and people; a moth	miḳḳānu		(CAD M₂ 102, AHw. 657)	1623
21764	Jewish Babylonian Aramaic	type of worm	mḳḳ		(DJBA 702)	1623
21763	Arabic	flying ant species	mūq		(BK 2 1168, LA 10 351)	1623
	PS	a large wild cat	*mV(n)dīn-		(SED II No. 151)	1624
21765	Akkadian	tiger (?)	mindinu		(CAD M₂ 85, AHw. 655)	1624
21767	Ebla	(an animal)	mu-da-ne-núm		(VE 007)	1624
21766	Arabic	lion	ˀal-madīn-		(BK 2 1079)	1624
	PS	'young of animals, larva'	*ḥarSap-		(SED II No. 104)	1628
21792	Akkadian	(kind of worms or larvae)	ḫarsapnu		(CAD Ḫ 115, AHw. 328)	1628
21794	Arabic	baby animals and birds or small creatures	ḥaršaf-		(BK 1 408)	1628
	PS	kind of bird	*nVγVr-		(SED II No. 158)	1629
21793	Akkadian	a bird	nēru		(CAD N₂ 178)	1629
21795	Arabic	nightingale; sparrowchick	nuγar-		(BK 2 1301, Lane 2817)	1629
21796	Mehri	stork	nəγγōr		(ML 289)	1629
21797	Mehri	turkey	naγôr		(Jahn 1902: 216)	1629
	PS	young camel	*ḥVwār-		(SED II No. 106)	1630
22704	Arabic	a young camel when just born	ḥuwār-, ḥiwār-		(BK 1 511, Lane 666, LA IV 221)	1630
21800	Tigre	young (of a camel or donkey)	ḥəwar		(WTS 89)	1630
21801	Mehri	very young camel	ḥəwōr		(ML 195)	1630
21802	Harsusi	camel a few days old	ḥewōr		(HL 64)	1630
	PS	swarm of bees	*nVḥl-		(SED II No. 160)	1631
21798	Hebrew	beehive, also the bees of a hive; swarm	nāḥīl		(Jastrow 894)	1631
18333	Arabic	bee; bees	naḥl-		(BK II 1216)	1631
21803	Qatabanian	bee shed; apiary	mnḥl		(LIQ104)	1631
	PS	kind of bird	*ḫVl-		(SED II No. 107)	1632
21804	Hebrew	phoenix	ḥōl		(HALOT 297, Jastrow 433)	1632
21805	Arabic	white hawk regarded as of evil omen	ˀaḫyal-		(BK 1 658, Lane 836)	1632
	PS	kind of bird	*nVḳVr-		(SED II No. 162)	1634
21815	Arabic	kind of bird, somewhat like a sparrow	naqqār-		(BK 2 1323)	1634
21813	Mehri	stork	noḳḳôr		(Jahn 1902: 217)	1634
	PS	yearling foal, small of domestic animals	*pVlw/y-		(SED II No. 174)	1642
21913	Arabic	foal	filw-		(BK 2 634, Lane 2445)	1642
21919	Tigre	term for a cow calf from the end of its first year to the first calf	fəlit		(WTS 653)	1642
21917	Soqotri	yearling calf; small of cattle	fólhi		(Naumkin–Porhomovskiy 1981 15, LS 336)	1642
	PS	viscera	*di/arṣ-			1643
21914	Arabic	foetus (de chat, de lièvre, de hérisson, de gerboise) (fetus (cat, hare, hedgehog, jerkin)	darṣ-, dirṣ-		(BK 1 689)	1643
21915	Tigre	body, interior	dərəṣ		(LH 523)	1643
	PCS	bug	*pVšpVš-		(SED II No. 183)	1648
15054	Hebrew	bedbug	pišpāš		(Jastrow 1248)	1648
15055	Syriac	bed bug; castor bean	pešpūšā, pešpšā, pšīpšā		(LSyr. 613, SL 1262)	1648
15058	Arabic	bedbug	fasfas-, fisfisat-		(BK 2 594)	1648
	PS	wing	*gadp-		(SED I No. 74)	1651
21993	Jewish Palestinian Aramaic	wing, border	gdp		(DJPA 121)	1651
21991	Jewish Babylonian Aramaic	wing	gadpā		(Jastrow 214, DJBA 262a)	1651
17356	Mandaic	wing, limb	gadpa		(MD 74)	1651
21992	Arabic	aile (d'un oiseau) (wing (of a bird)	miǯdāf-		(BK 1 265)	1651
	PS	prepuce, clitoris	*gilˁ-		(SED I No. 76)	1652
21998	Syriac	foreskin	gəlaˁtā		(LSyr. 119, SL 239)	1652
21999	Arabic	oter, enlever le prépuce (dans la circoncision) (to take off, remove the foreskin (in circumcision)	ǯlˁ		(BK 1 316)	1652
22000	Mehri	clitoris	gəlōt		(ML 118)	1652
22001	Jibbali	clitoris	giẑˁɔ́t		(JL 75)	1652
	PS	(piece of) skin	*gu/alb-		(SED I No. 77)	1653
22002	Jewish Babylonian Aramaic	(pl.) scales	galbīn		(Jastrow 243)	1653
22004	Arabic	dépouille, peau ôtée (body, skin removed)	ǯulb-		(BK 1 310)	1653
22003	Arabic	peau mince qui couvre la plaie en voie de guérison (thin skin that covers the healing wound)	ǯulbat-		(BK 1 310)	1653
	PS	kind of insect	*dim-		(SED II No. 69)	1659
22033	Akkadian	a locust or bird; eine Art Heuschrecke (kind of grasshopper)	dimītu		(CAD D 143, AHw. 170)	1659
22034	Arabic	pou; fourmi (louse; ant)	dimm-at-		(BK 1 728, Lane 910)	1659
	Areal reconstruction	(meaning unknown)	*ˁḳw		(Naumkin et al. 2016a: 57)	1661
22087	Arabic	to dislike, to hate	ˁqw		(Lane 2118)	1661
	PS	kind of bird	*dVrr-		(SED II No. 71)	1669
22160	Hebrew	a kind of bird (swallow, dove)	dərōr		(HALOT 230)	1669
22161	Deir Alla	subst. indicating bird: swallow or dove	drr		(DNWSI 262)	1669
22162	Arabic	perroquet (parrot); la perruche a collier couleur de rose (the rosecoloured parakeet)	durr-at-		(BK 1 682; Dozy I 428)	1669
	PS	kind of bird	*raˀ/w/hy-		(SED II No. 187)	1675
22201	Hebrew	red kite	rāˀā		(HALOT 1161)	1675
22202	Arabic	crane	rahw-		(BK 1 943, Lane 1174, LA XV 342)	1675
22203	Tigre	stork	rawya		(WTS 159)	1675
22204	Tigrinya	kind of a very large vulture; falcon, sparrow hawk, kite	rawya		(TED 591)	1675
	PS	kind of bird	*sVm(V)m(-at)-		(SED II No. 196)	1679
22224	Akkadian	dove	summu		(CAD S 380, AHw. 1058)	1679
22225	Arabic	kind of little bird similar to a swallow	samāmat-		(BK 1 1134, Lane 1419, LA XII 305)	1679
	PS	(dead) body, back (of body)	*gVn(ā)z(-at)-		(SED I No. 87)	1683
22251	Arabic	corpse, dead man	ǯanāzat-, ǯināzat-		(BK 1 339)	1683
22252	Sabaic	corpses; the dead	gnzt-n		(Biella 73)	1683
6941	Argobba	back of the body	gunž, gəǯo, ˁuǯo, ˀuǯo		(Leslau 1997:202, AAD 422)	1683
6944	Soddo	back of body	gʸinžä, ginžä		(EDG 310)	1683
	PS	kind of bird	*šVl(V)k-		(SED II No. 203)	1686
22275	Hebrew	an unclean bird	šālāk		(HALOT 1530)	1686
22276	Arabic	young one of partridge	silkānat-		(BK 1 1129, Lane 1412, TA 27 206)	1686
	PS	kind of reptile (snake, lizard)	*š/ŝVmm-		(SED II No. 204)	1687
22277	Akkadian	a snake	šammānu		(CAD Š₁ 314)	1687
22278	Hebrew	gecko	ŝəmāmīt		(HALOT 1338)	1687
22279	Jewish Palestinian Aramaic	type of lizard	smmy		(DJPA 382)	1687
22280	Arabic	kind of big lizard	sāmm-		(BK 1 1133, Lane 1420, LA XII 304)	1687
	PS	back of neck	*gar(i)d-		(SED I No. 92)	1693
22319	Arabic	dos (back)	ǯarad-		(BK 1 276)	1693
22320	Arabic	dos (back)	ˀaǯrad-		(BK 1 277)	1693
22321	Tigre	(muscles of the) neck	ǯärid		(WTS 550)	1693
22322	Selti	nape of neck	gərdid		(EDG 291)	1693
	PS	cricket, locust	*ga(n)dab-		(SED II No. 80)	1698
22378	Arabic	espèce de sauterelle (species of locust)	ǯandab-, ǯundub-		(BK 1 338, Lane 388, LA I 257)	1698
22377	Tigrinya	a kind of harmless grasshopper	gʷädäbä (godäba)		(TED 2365)	1698
	PS	chest, bosom	*ḥubb- (or *ḥawb-)		(SED I No. 109)	1705
22424	Hebrew	bosom	ḥōb		(Jastrow 429)	1705
22425	Jewish Palestinian Aramaic	lap, bosom	ḥubbā		(Jastrow 429, DJPA 189a)	1705
22426	Jewish Babylonian Aramaic	bosom	ḥwb		(DJPA 189)	1705
22427	Arabic	chest	ḥawbāˀ-		(BK 1 507)	1705
	PS	kind of mouse, rat	*ŝVm-		(SED II No. 214)	1707
22453	Akkadian	dormouse	ušummu			1707
22452	Arabic	rat	šīm-		(BK 2 1300, TA 32 487)	1707
	PS	kind of bird	*ŝVrŝūr-		(SED II No. 216)	1709
22474	Akkadian	a dove	suššuru		(CAD S 41, AHw. 1064)	1709
22475	Arabic	a small bird	šaršūr-		(BK I 1214, Lane 1525, LA IV 403)	1709
	PS	kind of insect	*ŝₓVbay(-at)-		(SED II No. 218)	1711
22476	Akkadian	an insect; larva	šubabītu		(CAD Š₃ 168, AHw. 1256)	1711
22477	Hebrew	a species of spider	šībay		(Jastrow 1556)	1711
22478	Arabic	scorpion (newly hatched); young scorpion	šabāt-		(BK 1 1188, Lane 1501, LA XIV 420)	1711
	PS	wild cat	*ṣ̂ayw-		(SED II No. 224)	1713
22499	Hebrew	animals of the desert	ṣī		(HALOT 1020)	1713
22500	Arabic	tomcat	ḍaywan-		(BK 2 46, Lane 1810–11, LA XIII 262)	1713
	PS	(young) bull	*ṭaγ-		(SED II No. 234)	1718
22528	Arabic	bull	ṭaγγ-		(BK 2 85, TA 22 539)	1718
22530	Geez	suckling, fatted calf, young of flock, young animal (calf, heifer, lamb)	ṭāγəwā		(CDG 584, LLA 1243, SLLA 348)	1718
22529	Tigrinya	calf about one year old	ṭaˁwa		(TED 2475)	1718
	PS	(young of) ungulate	*w/yaˁr-, *w/yarˁ-		(SED II No. 248)	1723
22613	Hebrew	kid	yaˁărā		(HALOT 423)	1723
22614	Arabic	kid; kid that is tied up or thrown into a pit to attract a lion or a wolf	yaˁr-		(BK 2 1630, LA V 301)	1723
22615	Tigre	mountaingoat	warˁe		(WTS 435)	1723
	PS	gazelle	*zVmr-		(SED II No. 253)	1724
22626	Ugaritic	antilope	zmr		(del Olmo Lete 1981 544)	1724
22627	Hebrew	kind of gazelle	zämär		(HALOT 274)	1724
22628	Arabic	to flee (said of a gazelle)	zmr		(BK 1 1010, TA 11 443)	1724
	PS	starling	*zarzī/ūr-		(SED II No. 254)	1725
22629	Akkadian	starling	zanzīru		(CAD Z 49, AHw. 1511)	1725
22630	Hebrew	rooster	zarzīr		(HALOT 281)	1725
22631	Syriac	starling	zarzīrā		(LSyr. 206, PS 1156)	1725
22632	Arabic	starling	zurzur-		(BK 1 985, Lane 1223, LA IV 323)	1725
	PS	kind of insect	*garad-		(SED II No. 83)	1727
18338	Arabic	locust	ǯarād-		(BK 1 276, Lane 406, LA III 117)	1727
22640	Tigrinya	a darkcolored spider the bite of which is believed to be fatal	gärädo		(TED 2269)	1727
22641	Jibbali	locusts	gérɔ́d		(JL 78)	1727
	PS	crane	*γVrnīḳ-		(SED II No. 91)	1735
22694	Akkadian	Kranich (crane)	urnīḳu		(AHw. 143)	1735
22695	Arabic	grue	γirnīḳ-, γurnūḳ-, γirnawḳ-, γurnayḳ-		(BK 2 461, Lane 2253, LA X 287)	1735
	PS	kind of insect	*ḥVbVŝₓ-		(SED II No. 96)	1736
22697	Syriac	scarabaeus (scarab)	ḥabšuštā		(LSyr. 213, PS 1188–9)	1736
22698	Arabic	espèce de fourmis grandes et noires (species of large, black ants)	ḥubšiyyat-		(BK 1 368, LA VI 278)	1736
22699	Tigre	a species of locusts	ḥabuš (coll.), ḥabušt (n. un.)		(WTS 79)	1736
	PS	to turn	*bry		(EDA I 219)	1737
22737	Akkadian	to be available, to stay	barû		(CAD B 120)	1737
24499	Arabic	III. to vie, to compete for superiority; to emulate, to rival, to imitate	bry		(Lane 197)	1737
13426	Geez	to follow successively, to do by turns, to alternate with one another, to relay one another	tabāraya		(EDG 108)	1737
13427	Tigrinya	to help one another, to do something by turns, to succeed each other	täbaräyä		(TED 1133)	1737
	PS	to be dislocated	*prk		(EDA I 261)	1744
22764	Akkadian	to lie across	parāku		(CAD P 153, AHw 828)	1744
25837	Ebla	to be hostile	ba-la-gú-um /paRākum/		(VE 851, Kogan–Krebernik 2021b: 695)	1744
22765	Arabic	VII. to be dislocated (the head of the humerus from its scapula), to be lax or slack (the shoulderjoint)	frk		(Lane 2388)	1744
22766	Jibbali	to be dislocated (joint); to change one’s mind	fɔ́trәk		(JL 60)	1744
	PS	spinal column with thigh bones	*ḥa/ul(l/y)-		(SED I No. 114)	1750
22840	Akkadian	crotch, region between the thighs; the hind legs of animals	ḫallu		(CAD ḫ 45, AHw. 312)	1750
22841	Hebrew	limb; vertebra of the spinal column; link	ḥulyā		(Jastrow 434)	1750
22842	Arabic	back of the horse	ḥāl-		(BK 1 518)	1750
22843	Arabic	mid back, vertebra	maḥāl-, maḥālat-		(BK 1 520)	1750
	PS	canal (anat.), urethra (?)	*ḥil(Vl)-		(SED I No. 115)	1751
22846	Syriac	vagina	ḥeltā		(Brock. 232)	1751
22844	Arabic	udder or penis canal	ˀiḥlīl-		(BK 1 474)	1751
22845	Tigre	orifice of the teat; the urethra	ḥəlil-		(WTS 53)	1751
	PS	to insult	*pry		(EDA I 228)	1754
22876	Akkadian	to insult	parû		(CAD P 209, AHw 837)	1754
22877	Arabic	IV. to blame, to censure	fry		(Lane 2391)	1754
	PWS	to put aside, to separate	*prg		(EDA I 260)	1755
24786	Arabic	to make an opening, an intervening space between two things	frǯ		(Lane 2359)	1755
24785	Tigre	to separate, to distinguish	färrägä		(WTS 660)	1755
24787	Tigrinya	to break loose and run off	färgägä		(TED 2672)	1755
	PS	entrails	*ḥaŝy-		(SED I No. 128)	1761
22998	Akkadian	human lungs, belly, entrails	ḫašû		(CAD ḫ 143, AHw 335)	1761
22999	Arabic	viscera (any interior part of the body); intestines	ḥišwat­-, ḥašwat-, ḥašaⁿ		(BK 1 435)	1761
23001	Arabic	stomach	maḥšaⁿ		(BK 1 436)	1761
	PS	fetal membrane	*ḥi(wa)l-		(SED I No. 130)	1762
23013	Akkadian	egg membrane	ḫillu		(CAD ḫ 186, AHw 345)	1762
23014	Arabic	second membrane that comes out of the uterus at parturition and is filled with water (in camels)	ḥiwalāˀ-, ḥūlāˀ-, ḥīlāˀ-		(BK 1 519)	1762
	PS	waist	*ḫam/nṣ-		(SED I No. 132)	1772
23058	Akkadian	part of human body, possibly waist	ḫanṣātu		(CAD ḫ 81, AHw 321)	1772
23059	Arabic	middle of the body, slim mid body	ˀaḫmaṣ-		(BK 1 633)	1772
23060	Soqotri	small of the back	mónḥeṣ		(LS 264; CSOL I 623)	1772
	PCS	(long) nose, beak, trunk, etc.	*ḫarṭūm-		(SED I No. 137)	1775
23082	Hebrew	nose, beak	ḥarṭōm		(Jastrow 501)	1775
23083	Syriac	proboscis (of elephant)	ḥarṭūmā		(LSyr. 256)	1775
23084	Mandaic	long bill, nose, snout, trunk	harṭum(a)		(MD 127)	1775
23085	Arabic	nose, tip of the nose, trunk of the elephant, etc.	ḫurṭūm-, ḫurṭūm-		(BK 1 561)	1775
	PWS	joint; ankle; foot	*ku/aˁ(-at)-		(SED I No. 140)	1776
23086	Syriac	joint, articulation	kōˁā		(GVG 323)	1776
23087	Arabic	condyle, especially bone of the hand that touches the chip or to the articular finger; ankle bone of the foot, end of the bone	kāˁ-, kūˁ-		(BK 2 944)	1776
23088	Amharic	foot, hoof (of a horse)	kotte		(AED 1426)	1776
23089	Soddo	hoof	kotte		(EDG I 1075)	1776
	PWS	kind of bird, partridge	*ḳāriˀ/y-		(SED II No. 134)	1780
23142	Hebrew	partridge	ḳōrē(ˀ)		(HALOT 1132)	1780
23143	Jewish Palestinian Aramaic	a bird with a long beak	ḳwr		(DJPA 483)	1780
23144	Arabic	kind of bird with short legs, long beak and green back plumage	qāriy-at-		(BK 2 731, Fr. III 438, Lane 2988, LA XV 180)	1780
23145	Amharic	migrating crane, large white crane with a long beak	ḳʷərəyye		(AED 738)	1780
	PS	frog	*ḳVr(V)r-		(SED II No. 137)	1787
23208	Syriac	rana (frog)	yaḳrūrā		(LSyr. 308, PS 1627)	1787
23209	Arabic	grenouille (frog)	qirr-, qurr-, qarr-at-, qirr-at-, qurr-at-		(BK 2 699–700,  LA V 91)	1787
23210	Geez	frog	ḳāḳer		(CDG 439)	1787
	PS	throat	*napa/iš-		(SED I No. 200)	1791
23220	Akkadian	throat	napištu		(CAD N₁ 296, AHw. 738)	1791
23221	Ugaritic	throat	npš		(Aistleitner 1963: 211)	1791
23222	Hebrew	throat	näpäš		(HALOT 711)	1791
23223	Arabic	sip, gulp	nafas-		(BK 2 1310)	1791
	PWS	jaw, joint of the jaw	*pakk-		(SED I No. 212)	1792
23229	Syriac	upper jaw, cheak	pakkā		(LSyr. 567)	1792
23231	Arabic	joint connecting the two jaws; part of a mouth comprising both jaws	fakk-		(BK 2 624)	1792
23230	Tigre	limb, joint	fək(k)		(WTS 670)	1792
	PWS	to carve, to incise	*ḥḳḳ		(EDA I 308)	1795
23250	Hebrew	prescription, rule	ḥōḳ		(HALOT 347)	1795
23251	Arabic	prescription, rule	ḥaqq-		(Lane 609)	1795
	PCS	(animal's) mouth, muzzle	*pVḳVm-		(SED I No. 214)	1798
23289	Hebrew	to prick an animal's mouth with the bit	pāḳam		(Jastrow 1209)	1798
23290	Arabic	mouth	fuqum-		(BK 2 622)	1798
3701	Soqotri	lower jaw	fáḳam		(LS 340, CSOL I 534)	1798
	PCS	(lock of) hair	*pawd-		(SED I No. 220)	1801
23319	Ugaritic	lock (of hair)	pd		(DUL 651)	1801
23320	Arabic	lock of hair on each side of the head	fawd-		(BK 2 644)	1801
	PWS	to be fat	*pˀm		(EDA I 136)	1804
23342	Hebrew	fat	pīmā		(HALOT 926)	1804
23343	Arabic	IV. to widen; to fill a vessel; to become full of fat	fˀm		(Lane 2326)	1804
23344	Geez	to put a morsel of food in another’s mouth, to feed	ˀafˀama		(CDG 154)	1804
23345	Geez	prendre une bouchée (to take a bite)	(tä)famä		(Leslau 1956, 198)	1804
	PWS	to cleave, to split	*plḥ		(EDA I 236)	1807
23370	Hebrew	to split, to cleave	plḥ		(HALOT 930)	1807
23372	Syriac	to slit	plḥ		(LSyr. 572, SL 1196)	1807
23373	Arabic	to cleave, to split	flḥ		(Lane 2438)	1807
	PS	back, side or front part of body (of a sheep?)	*ka/iska/is-, *kVsˀw-		(SED No. 152)	1811
23408	Akkadian	soft part of the sheep's breastbone; a cut of the meat of a sheep	kaskasu		(CAD k 244, AHw 454)	1811
23410	Arabic	rear, last part, backside, behind, behind of the head	kusˀ-, kusy-		(BK 2 894, WKAS I 168)	1811
23411	Tigre	sheep's side	kəšwät		(WTS 408)	1811
23412	Amharic	bone at the base of the tail	kiskissa		(AED 1410)	1811
	PWS	to break	*pṣm		(EDA I 465)	1813
14492	Hebrew	to crack, to split	pṣm		(HALOT 954)	1813
14490	Arabic	to break, to crack	fṣm		(Lane 2408)	1813
	PCS	fungus	*pVṭr-		(EDA I 518)	1818
23466	Hebrew	eine Schwammart, etwa Morchel (a type of sponge, such as morel)	piṭrā		(Levy IV 32)	1818
15068	Jewish Babylonian Aramaic	mushroom	piṭṭūrā		(DJBA 899)	1818
23465	Syriac	fungus	peṭṭortā		(LSyr. 565, SL 1183)	1818
15069	Arabic	mushroom	fuṭr-		(Lane 2416)	1818
	Areal reconstruction	hammer	*mnḳb		(DUL 559)	1839
23707	Akkadian	hammer or pick	maḳḳabu		(CAD M₁ 252, AHw. 607)	1839
23708	Ebla	hammer	ma-ga-bu₁₆ /maḳḳabu/		(VE 763)	1839
23709	Hebrew	excavation; hammer	maḳḳäbät		(HALOT 625)	1839
23710	Arabic	an iron instrument for perforating	minqab-		(Lane 2835)	1839
	PS	inner part, middle of the body	*ḳVrb-		(SED I No. 165)	1852
23768	Akkadian	intestines, insides (in the pl.), mind, heart	ḳerbu		(CAD ḳ 216, AHw 914)	1852
23769	Ugaritic	midsection	ḳrb		(WUS 282)	1852
23770	Hebrew	entrails, inward parts	ḳäräb		(HALOT 1135)	1852
23771	Arabic	flanks, from the hips to the lower abdomen	qurb-		(BK 2 704)	1852
	PCS	stomach (of birds)	*ḳa/urḳa/ub-		(SED I No. 167)	1862
23876	Hebrew	the thick muscular stomach of birds, craw	ḳorḳəbān		(Jastrow 1344)	1862
23877	Jewish Babylonian Aramaic	the thick muscular stomach of birds, craw	ḳurḳəbānā		(Jastrow 1344)	1862
23878	Syriac	throat (of birds)	ḳa/urḳəbānā		(LSyr. 700)	1862
23879	Arabic	stomach	qa/urqab(b)-		(BK 2 722)	1862
	PS	to mark, to brand	*wšm		(v. Kogan–Krebernik 2021b: 683)	1863
23891	Akkadian	a mark	šimtu		(CAD Š₃ 9, AHw. 1238)	1863
23892	Ebla	a mark	si-tum /šittum/		(VE 693, 761; Kogan–Krebernik 2021b: 683)	1863
23890	Arabic	to mark, stigmatize, brand	wsm		(BK 2 1537, Lane 3054)	1863
	PWS	to break, to cut	*prṣ		(EDA I 307)	1868
24011	Jewish Babylonian Aramaic	to make a breach	prṣ		(DJBA 937)	1868
24012	Mandaic	to make a breach, to break through	prṣ		(MD 380)	1868
24013	Arabic	to cut, to slit, to make a hole	frṣ		(Lane 2372)	1868
24014	Geez	to break open, to cut open, to split	faraṣa		(CDG 167)	1868
	PS	comb	*muŝṭ-		(Kogan–Krebernik 2021b: 685)	1870
24016	Akkadian	comb	mušṭu		(CAD M₂ 290, AHw. 687)	1870
24017	Ebla	comb	mu-sa-tum /mušṭum/		(VE 1359, Kogan–Krebernik 2021b: 685)	1870
24018	Arabic	to comb	mšṭ		(BK 2 1110, Lane 2717)	1870
	PWS	to be bad	*psl		(EDA I 448)	1875
24075	Jewish Palestinian Aramaic	to make unfit	psl		(DJPA 440)	1875
14802	Jewish Babylonian Aramaic	to render unfit, invalidated	psl		(DJBA 918)	1875
14803	Arabic	to be low, base, ignoble	fsl		(Lane 2398)	1875
14804	Mehri	not to have one's former energy	fәsōl		(ML 103)	1875
	PWS	to pierce	*ptḳ		(EDA I 499)	1878
14177	Jewish Babylonian Aramaic	to pierce	ptḳ		(DJBA 949)	1878
13381	Syriac	to burst; to spread	ptḳ		(LSyr. 618, SL 1269)	1878
14178	Arabic	to slit, to rent asunder, to disjoin	ftq		(Lane 2331)	1878
	PWS	to disgrace, to oppress	*bzw		(EDA I 413)	1887
15144	Hebrew	to despise	bzw		(HALOT 117)	1887
15147	Jewish Palestinian Aramaic	to expose, to scorn, to disgrace	bzy		(DJPA 89)	1887
15146	Arabic	to subdue, to overcome, to oppress	bzw		(Lane 201)	1887
	PS	to cut	*pṣd		(EDA I 474)	1896
14457	Akkadian	to slice	paṣādu		(CAD P 226, AHw. 839)	1896
14460	Syriac	spring, fountain	pṣidā		(LSyr. 586, SL 1219)	1896
14459	Arabic	to cut, to slit, to open a vein	fṣd		(Lane 2404)	1896
	PWS	to jump; to be agile	*pzz		(EDA I 409)	1897
24217	Jewish Babylonian Aramaic	impetuous	pazzīz		(DJBA 894b)	1897
24216	Syriac	to jump; (etpe.) to be nimble, changeable	pzz		(EDA I 409)	1897
24218	Arabic	to be frightened, afraid; to be excited; to disturb, to disquite	fzz		(Lane 2392)	1897
	PWS	to peel	*ḳŝr		(CDG 448)	1908
24280	Arabic	to strip off, to scrape off	qšr		(Lane 2525)	1908
238	Geez	to peel, scrape	ḳaŝŝara		(CDG 448)	1908
234	Mehri	to peel	ḳəŝūr		(ML 242)	1908
236	Jibbali	to peel, shell	ḳɔ́ŝɔ́r		(JL 153)	1908
	PS	bladder (of animals)	*li/abbuḫ-, *labīḫ-at-		(SED I No. 175 )	1912
24324	Akkadian	bladder (of a bird, sheep or fish)	elibbuḫu		(CAD e 89, AHw 203)	1912
24325	Arabic	musk purse	labīḫat-		(BK 2 957 )	1912
	PS	throat	*luγ(γ)-		(SED I No. 176 )	1913
24326	Akkadian	throat	luˀu, luḫḫu		(CAD l 258, AHw 565)	1913
24327	Arabic	word, phrase, language, idiom	luγat-		(BK 2 1007, WKAS II 911)	1913
24328	Soqotri	gills	leˁánhen		(LS 235 )	1913
	PS	tendon, sinew; muscle	*mV(ˀ)n(-at)-		(SED I No. 183)	1915
24365	Akkadian	sinews	manānu		(CAD m1 208)	1915
24366	Syriac	crinis; nervus; chorda; tonus	mentā		(LSyr. 393)	1915
24367	Arabic	the entire part of the belly that surrounds the navel	maˀnat-		(BK 2 1054)	1915
24368	Tigrinya	arm muscle	mnat		(Bass. 103)	1915
	PCS	elbow	*ma-rpiḳ-		(SED I No. 189)	1917
24394	Hebrew	elbow	marpēḳ		(Jastrow 846)	1917
24395	Jewish Babylonian Aramaic	elbow	marpəḳā		(Jastrow 846)	1917
6576	Arabic	elbow	marfiq-, mirfaq-		(Lane 1127)	1917
	PWS	to know	*ṭbb		(Kogan 2015:221)	1927
24442	Syriac	to find out, to know	ṭbb		(LSyr. 265; SL 508)	1927
24443	Arabic	to treat medically, therapeutically	ṭbb		(Lane 1871)	1927
24441	Geez	to be wise	ṭbb		(CDG 585)	1927
	PCS	to avenge blood	*ṯˀr		(Kogan 2015:328)	1929
1859	Ugaritic	to avenge blood	ṯˀr		(DUL 891‒892)	1929
1860	Arabic	to revenge one’s blood	ṯˀr		(Lane 327)	1929
1861	Sabaic	blood revenge	ṯˀr		(SD 149)	1929
	PCS	bosom, breast	*nagd-		(SED I No. 195)	1934
24482	Hebrew	that which is opposite, that which corresponds; in front of, before	nägäd		(HALOT 666)	1934
24479	Arabic	udder	naǯd-		(BK 2 1201)	1934
24480	Geez	breast, chest	ˀəngədˀā (ˀəngədˁā)		(CDG 29)	1934
24481	Tigrinya	back, spine	ˀəngədˁā		(Bass. 537)	1934
	PCS	upper part of chest	*naḥ(a)r-		(SED I No. 196)	1935
24483	Arabic	collarbone and the part of the body between the lower neck and the sternum	naḥr-		(BK 2 1213)	1935
24484	Tigre	breast	näḥar		(WTS 324)	1935
24485	Jibbali	windpipe and lungs	náḥar		(JL 187)	1935
	PS	to be confident, at rest	*bṭḥ		(Kogan 2015:486)	1941
13412	Hebrew	to be confident	bṭḥ		(HALOT 120)	1941
14371	Jewish Babylonian Aramaic	to be confident	bṭḥ		(DJBA 196)	1941
14372	Arabic	to spread, to expand, to extend; to throw somebody down upon his face; VII. to lie, to stretch oneself	bṭḥ		(Lane 216)	1941
14373	Jibbali	to throw down on the belly	béṭaḥ		(JL 30)	1941
	PS	womb, uterus	*ru/abṣ̂-			1948
24658	Akkadian	womb	rubṣu		(CAD r 395, AHw. 991)	1948
24659	Syriac	uterus	marbəˁā		(LSyr. 709)	1948
24660	Mandaic	womb, uterus	marba		(MD 251)	1948
24661	Arabic	intestins	rabaḍ-		(BK 1 806)	1948
	PCS	to strike, to cleave	*pˀy		(EDA I 77)	1949
16560	Hebrew	(hip.) to strike down, to wipe out	pˀy		(HALOT 907)	1949
16561	Arabic	to split, to cleave	fˀw		(Lane 2326)	1949
16562	Minaean	détruire, ruiner, arracher (to destroy, ruin, tear off)	fˀy		(LM 32)	1949
16563	Qatabanian	one who injures, destroys	fˀy		(LIQ 128)	1949
	PS	to be tight	*pwḳ		(EDA I 83)	1950
16593	Akkadian	to be tight	piˀāḳu		(CAD P 141, AHw. 861)	1950
24670	Arabic	VII. to become lean, emaciated; VIII. to become poor, in want or need	fwq		(Lane 2461)	1950
	PCS	to be spacious	*pšḥ		(EDA I 423)	1952
14974	Syriac	to cease, desist	pšḥ		(LSyr. 611, SL 1257)	1952
14977	Arabic	to be spacious, roomy; VII. to be dilated with joy (one's bosom)	fsḥ		(Lane 2395)	1952
14980	Sabaic	to enlarge a structure	h-fs₁ḥ		(SD 46)	1952
14981	Sabaic	enlargement	mfs₁ḥt		(SD 46)	1952
	PWS	to test, to try	*ptn		(EDA I 526)	1955
13876	Arabic	to test, to try	ftn		(Lane 2334)	1955
13877	Geez	to try, to test, to investigate	fatana		(CDG 170)	1955
	PCS	flat hand with wrist	*si(n)ṭ-		(SED I No. 236)	1977
24810	Hebrew	the distance between the tip of the thumb and that of the index finger when held apart, or between the root of the thumb and the tip of the index finger when the former is leaning against the latter	sīṭ		(Jastrow 977)	1977
24809	Syriac	palm	sīṭā		(LSyr. 469)	1977
24811	Arabic	wrist, bone that joins the forearm with the hand	sinṭ-		(BK I 1151)	1977
	PCS	bladder, inflated organ	*šalpūḥ(-at)-		(SED I No. 245)	1980
24869	Hebrew	womb; the (bladderlike) gullet of a bird	šalpūḥīt		(Jastrow 1587)	1980
24870	Jewish Babylonian Aramaic	bladder (of a fish)	šilpūḥā		(Jastrow 1563)	1980
24871	Syriac	vesica (bladder); pustula	šalpuḥtā		(LSyr. 784)	1980
24872	Arabic	natural female parts of body, highly developed and thick; woman whose vagina is very ample, thick; man who has big buttocks, or thick lips	šafallāḥ-		(BK I 1250)	1980
	PS	to be soft, moistened	*tḫḫ		(EDA II)	1981
24881	Akkadian	to soak, moisten	taḫāḫu		(CAD T 39)	1981
24882	Hebrew	crushed, loose earth	ˁăpar ha-ttīḥūaḥ		(Jastrow 1664)	1981
24884	Syriac	rotten	tḥiḥ		(LSyr. 820)	1981
24883	Arabic	to become sour; to become soft by reason of too much water	tḫḫ		(Lane 298)	1981
	PS	to be lost, to perish	*ˀbd			1992
27625	Arabic	to flee, to run away at random	ˀbd		(Lane 4)	1992
3019	Soqotri	to be spread, to lie flat	šɛˀɛ́bid		(CSOL I 464)	1992
	PWS	to fall	*wdḳ		(CDG 604)	1994
25016	Arabic	to fall in drops	wdq		(LA 10 449)	1994
25017	Sabaic	to fall, to collapse	wdḳ		(SD 156)	1994
20754	Geez	to fall, to fall down	wadḳa, wadaḳa		(CDG 604)	1994
3034	Soqotri	to be heavy	édaḳ		(LS 54; CSOL I 465; CSOL II 379 )	1994
	PWS	to swing	*nwp		(Kogan 2015:566)	1999
25078	Hebrew	(hip.) to move to and fro, to brandish	nwp		(HALOT 682)	1999
25079	Syriac	se inclinavit; pependit (to bow (intr.); to hang)	nwp		(LSyr. 421)	1999
25080	Arabic	to overlook, to overtop	nwf		(LA 9 407)	1999
	PS	legs (as lower parts of body)	*šapū/il-		(SED I No. 271)	2003
17764	Akkadian	upper or inner thigh	šapūlu, šapullu		(CAD Š₁ 492, AHw. 1177)	2003
17765	Arabic	legs of a camel; lower body parts, ass	safilat-		(BK 1 1102, Lane 1375)	2003
17766	Tigre	having large feet	šefle		(WTS 230)	2003
	PS	to break	*ksp		(HALOT 490, Kogan–Krebernik 2021b: 686)	2006
25177	Akkadian	to break off a piece	kasāpu		(CAD K 241, AHw. 453)	2006
25179	Ebla	to break	ga-za-bù /kasāpu(m)/		(VE 104, Kogan–Krebernik 2021b: 686)	2006
25181	Arabic	to split, to cut	ksf		(BK 2 898)	2006
	PS	to trade in wine or beer	*sbˀ		(HALOT 738, Kogan–Krebernik 2021b: 687)	2007
25185	Akkadian	to brew beer	sabû		(CAD S 5, AHw. 1000)	2007
25186	Akkadian	female tavern keeper	za-bí-tum /sābītum/		(VE 1412′a–b, Kogan–Krebernik 2021b: 687)	2007
25187	Hebrew	to tipple	sbˀ		(HALOT 738)	2007
25183	Arabic	to buy wine in order to resell it	sbˀ		(BK 1 1039)	2007
	Areal reconstruction	to open one's mouth	*ŝḥw/*ˀŝḥ		(LS 427)	2015
25173	Arabic	to open one’s mouth	šḥw		(Lane 1514)	2015
25174	Tigre	to yawn	säḥa		(WTS 172)	2015
22052	Soqotri	to open one’s mouth repeatedly	ɛ́ŝiḥ		(Naumkin et al. 2019b:75; Naumkin et al. 2022:277, with fn. 91)	2015
	PWS	to be fitting	*ṣwb		(SEDonline)	2028
25474	Jewish Babylonian Aramaic	to frequent, to visit	ṣwb		(DJBA 953)	2028
25475	Syriac	congregatus est; advenit, visitavit (to come, to arrive, to visit)	ṣwb		(LSyr. 623)	2028
25473	Arabic	to appear in a place where he/it should remain, (II) to declare to be right, to approve, (IV) to go right, to reach its goal’, (X) to consider to be right	ṣwb		(Lane 1739)	2028
7522	Soqotri	to be straight	éṣṭəb		(Morris 2012:485, CSOL I 655, CSOL II 588)	2028
	PWS	to come, to attain	*wṣl		(HALOT 82)	2034
20950	Arabic	to arrive; to behave with goodness and affection, to have a close, loving communion with somebody; (IV) to make come, to bring, to deliver	wṣl		(Lane 3054)	2034
25632	Sabaic	to proceed, to arrive; to join, to adhere (intransitive)	h-wṣl		(SD 164)	2034
25633	Minaean	se rendre à, arriver à tel endroit (to proceed, to arrive)	wṣl		(LM 106)	2034
3149	Soqotri	to add	ṣeḷ		(LS 496; CSOL II 395; Naumkin et al. 2015a:85)	2034
	PS	birth-mark, mole	*ŝₓV̄m-at-			2036
25693	Hebrew	mark, mole, wart	šūmā		(Jastrow 1536)	2036
25694	Jewish Babylonian Aramaic	mark, mole, wart	šūmā		(Jastrow 1536)	2036
25695	Arabic	mole; sign (any black sign seen on earth)	šāmat-		(BK 1 1300)	2036
	PCS	(male) genitalia	*zubb-		(SED I No. 293)	2039
25790	Hebrew	the bag which contains a male animal's member	zubbān		(Jastrow 383)	2039
25791	Syriac	generative organ (of deer and horse)	zulbānā, zəlūbānā		(LSyr. 197)	2039
25792	Arabic	verge, penis (of the man or of another male being); tip of the beard; nose	zubb-		(BK 1 968)	2039
	PWS	to smash, to crush	*dwk		(EDA II)	2042
25878	Hebrew	to pound in a mortar	dwk		(HALOT 216)	2042
25879	Arabic	to bruise, to pound, to pulverize	dwk		(Lane 933)	2042
	PWS	to be deep, concave; to make a hollow	*ḳˁr		(HALOT 1116)	2049
26043	Hebrew	dish, bowl	ḳəˁārā		(HALOT 1116)	2049
26044	Arabic	to be deep, to have a deep bottom (a well)	qˁr		(Lane 2548)	2049
	Areal reconstruction	to speak	*hwy		(Kogan 2015:334)	2053
1897	Akkadian	to discuss, to talk over	atwû		(CAD A₂ 29, AHw. 89)	2053
1907	Arabic	mind, purpose, desire	hawˀ-		(Lane 2904)	2053
	Areal reconstruction	to rob, to plunder	*ḫbt		(Kogan 2015:335)	2055
1908	Akkadian	to rob, to take away by force	ḫabātu		(CAD Ḫ 9, AHw. 303)	2055
1906	Ugaritic	pillager, destroyer	ḫbt		(DUL 385, Watson 2007: 86)	2055
1909	Arabic	contemptible, bad, corrupt	ḫabīt-		(Lane 693)	2055
	Areal reconstruction	to reach	*kš/ŝd		(Kogan 2015:336)	2062
1922	Akkadian	to reach, to arrive	kašādu		(AHw. 459, CAD K 271)	2062
1921	Ugaritic	to search for, to reach	kšd		(DUL 467, Watson 2007: 91)	2062
1923	Arabic	one who earns, obtains much	kāšid-		(LA 3 466)	2062
	PWS	to tremble, to shake	*zˁ		(HALOT 267)	2071
26331	Hebrew	to make tremble, to scare	zˁzˁ		(HALOT 267)	2071
26333	Hebrew	to tremble	zwˁ		(HALOT 267)	2071
26334	Syriac	se movit, motus est (to move)	zāˁ		(HALOT 267; LSyr. 193)	2071
26332	Arabic	to move, to agitate, to shake	zˁzˁ		(Lane 1229)	2071
	Proto-MSA	to take away	*sgd		(LS 150)	2072
26337	Arabic	bundle, tuft	zaǯdah		(Piamenta 197)	2072
26335	Mehri	to take someone’s animals away by force	zəgūd			2072
26336	Jibbali	to take someone’s animals away by force	ségəd		(JL 224)	2072
7241	Soqotri	to lift, to carry	zégod or zéged		(LS 150; CSOL I 697; CSOL II 631)	2072
	PWS	to block, to stop	*ˁgm		(LS 297)	2081
26471	Arabic	to have an impediment in one’s speech; (IV) to lock a door	ˁǯm		(Lane 1966)	2081
26472	Mehri	to be dumb; (Gt) to be blocked	ˀáygəm		(ML 160)	2081
26473	Jibbali	to be dumb; (D) to block	ˁégəm		(JL 9)	2081
25160	Soqotri	to shut	ˁégom		(LS 297; Bulakh et al. 2021:241)	2081
	PS	to soak, to immerse	*ṣbγ		(Kogan 2001:266)	2084
26608	Akkadian	to soak, irrigate (a field); to bathe, soak (an object)	ṣabû		(CAD Ṣ 45)	2084
26607	Arabic	to dye, to colour, to dip, to immerse	ṣbγ		(Lane 1647)	2084
	PS	to be dark, covered	*γṭw/y		(Kogan 2001:266)	2086
26612	Akkadian	to be dark, dim	eṭû		(CAD E 412, AHw. 266)	2086
26611	Arabic	to cover, to conceal, to come upon, to come over	γṭw		(Lane 2272)	2086
	PS	to be tied, girded	*γbṭ		(Kogan 2001:266)	2087
26652	Akkadian	to be tied, girded	ebēṭu		(CAD E 13, AHw. 182)	2087
26655	Ebla	to fasten (thongs of a shoe)	ù-bù-tum, ù-bù-du-um /ˁubbuṭum/		(VE 124; Krebernik 1996:239)	2087
26613	Arabic	a strap in the leathern waterbag	γubṭat-		(Lane 2226)	2087
	PS	to cover	*γpr		(Kogan 2001: 279)	2090
26727	Akkadian	to provide with a headdress, to put a covering on someone's head	apāru		(CAD A₂ 166, AHw. 57, 1544)	2090
8638	Ugaritic	kind of garment	γprt		(DUL 319)	2090
26411	Arabic	to cover, to veil, to hide; to forgive	γfr		(Lane 2273)	2090
	PS	film, chaff	*γVp-		(Kogan 2005c:188)	2092
26709	Akkadian	membrane, film	ipu		(CAD I 173, AHw. 385)	2092
26705	Arabic	chaff, refuse that is taken forth from wheat	γafaⁿ		(Lane 2276)	2092
26706	Arabic	to clean, to clear the wheat	γfw		(Lane 2276)	2092
26708	Tigrinya	chaff, snakeskin, fish scales	ˁəfaf		(TED 1952)	2092
	PS	to be obscure, black	*γdr		(Kogan 2001: 280)	2093
26747	Akkadian	to become obscured (of heavenly bodies), to become eclipsed; to be worried, disturbed, restless	adāru		(CAD A₁ 103, AHw 11)	2093
26748	Arabic	to act perfidiously, to break a compact; to remain, to lag behind; to be(come) dark (of the night)	γdr		(Lane 2231-2232)	2093
	PS	leaf	*γār-		(Kogan 2001: 282; Kogan 2012a: 233)	2096
3635	Akkadian	frond, leaf, foliage	aru		(CAD A₂ 311, AHw. 71)	2096
26802	Arabic	leaves of the grapevine	γār-		(Lane 2307)	2096
	PWS	to scoop up	*γrp		(Kogan 2005c:190)	2098
26774	Arabic	to take or lade out water with hand (as with a ladle)	γrf		(Lane 2249)	2098
26775	Mehri	to fetch (water); to scoop up (water); to take the cream off milk	γəróf		(ML 141)	2098
26776	Jibbali	to scoop up (us. water)	γárɔ́f		(JL 88)	2098
26777	Harsusi	to fetch water	γerōf		(HL 46)	2098
	PWS	to be white on black or black on white	*γrr		(Kogan 2005c:191)	2099
26782	Arabic	to be white and to shine by its whiteness (face)	γrr		(Lane 2237)	2099
13595	Geez	lead	ˁarar		(CDG 71, LLA 960–961)	2099
26785	Tigre	white spot (on an animal)	ˁərät		(WTS 458)	2099
	PWS	to be black on white or white on black	*ḥwr		(Kogan 2005c:191)	2100
5324	Arabic	II. to whiten	ḥwr		(Lane 665)	2100
5224	Arabic	intense whiteness of the white of the eye and intense blackness of the black thereof	ḥawar-		(Lane 666)	2100
26786	Arabic	one who has eyes of pure white and black	ˀaḥwar-		(Lane 666)	2100
	PWS	to pour out, to counterfeit	*zγl		(Kogan 2005c:209)	2108
26629	Arabic	adultered or counterfeit coin	zaγal-		(Lane 1235)	2108
27147	Geez	be corrupted, be adulterated	zaḥala		(LLA 1038)	2108
27146	Geez	corrode, rust	zəḥla		(LLA 1038)	2108
27148	Tigre	dirt, rust	zäḥal		(WTS 494)	2108
	PWS	skin, leather	*γVrs		(Kogan 2005: 191)	2112
26744	Arabic	membrane that encloses the child	γirs-		(Lane 2247)	2112
26745	Tigre	leather, piece of leather	ˁars, ˁarsät, ˁaräsit		(WTS 458)	2112
26746	Tigrinya	skin from a calfs head which is stuffed with straw and put in front of a cow whose calf has died so that the cow can be milked	ˁarsi		(TED 1844)	2112
	PS	to gather, to heap up	*gbš		(Kogan–Krebernik 2021a 378 )	2130
27645	Jewish Babylonian Aramaic	to heap up	gbš		(Jastrow 209)	2130
27646	Arabic	everything by which a bed of a stream can be blocked in any place where it is stopped	ǯibs-		(LA 6 54)	2130
27647	Geez	to gather, to collect	gabasa		(CDG 179)	2130
27648	Amharic	to gather, to collect	gäbbäsä		(AED 1978)	2130
	PS	to plough	*krb		(Kogan–Krebernik 2021a 378)	2132
27664	Akkadian	clod of earth	kirbānu		(CAD K 401, AHw. 483)	2132
27665	Syriac	to plough	krb		(LSyr. 342)	2132
27666	Arabic	to plough, to prepare land for sowing	krb		(WKAS K 111)	2132
	PS	to walk, to go away	mŝ(y)		(Kogan–Krebernik 2021a 379)	2133
27675	Akkadian	to move	namāšu		(CAD N1 220, AHw. 726)	2133
20800	Arabic	to go, to rove, to wander	mšy		(Lane 3020)	2133
27676	Sabaic	to go away	ms2y		(SD 87)	2133
	PS	to protect, guard	*ḏmr		(HALOT 274, DUL 287 )	2137
27708	Ugaritic	to protect, guard	ḏmr		(DUL 287 )	2137
27709	Hebrew	strength	zimrā		(HALOT 274)	2137
27710	Arabic	brave	ḏimr, ḏamīr		(Lane 978)	2137
	PS	order, decision (divine)	*parṣ̂-		(Landsberger 1924–1925:68; Kogan 2008:96; EDA I 308; Kogan–Krebernik 2021a:392)	2140
27782	Akkadian	rite, ritual; divine authority; authoritative decision, command, decree	parṣu		(CAD P 195; AHw. 835)	2140
27783	Arabic	a thing made obligatory or binding by God	farḍ-		(Lane 2374)	2140
	PWS	to cleave, to slit	ˁḳḳ		(SEDonline)	2149
1721	Ugaritic	a destructive one	ˁḳḳ		(DUL 177)	2149
1722	Arabic	to split, to rip, to cut	ˁqq		(Lane 2095)	2149
1723	Tigre	to cut, to wound, to furrow	ˁaḳḳä		(WTS 467)	2149
